backdrop_path,id,movie_id,name,poster_path
/noeTVcgpBiD48fDjFVic1Vz7ope.jpg,313576.0,1.0,Hot Tub Time Machine Collection,/iEhb00TGPucF0b4joM1ieyY026U.jpg
/zSEtYD77pKRJlUPx34BJgUG9v1c.jpg,107674.0,2.0,The Princess Diaries Collection,/wt5AMbxPTS4Kfjx7Fgm149qPfZl.jpg
/1AWd3MM90G47mxtD112gRDxSXY9.jpg,256377.0,9.0,The Muppet Collection,/8Ew8EIdFFurMMYjSbWPu1Hl4vLX.jpg
/w4h6gjdWPvmu5R9H6zeGDPo1ZuV.jpg,1575.0,11.0,Rocky Collection,/mCY5dMkSSFQufGCViI6jNUU6pXq.jpg
,48190.0,12.0,Revenge of the Nerds Collection,/qOnoXEdrSnBuS3FMAFRIgyJSM2r.jpg
/uWaANGQeoSs5vSP1CWtlkDrkqei.jpg,91698.0,14.0,Chili Palmer Collection,/ae3smJDdWrMJ77tDpYOrpo4frKq.jpg
/qDuTIGAEbxF3jP9zNILLAoxNLpU.jpg,9518.0,20.0,The Transporter Collection,/uakYnYtFxqjS8pjEWW9lGWmdMRz.jpg
/c7pMKwv5NzIN6N3KM4L8fYMTtPw.jpg,9735.0,22.0,Friday the 13th Collection,/uobgqpLQff9WvxGKE2OSvXv1RHm.jpg
/wSdVm0uxEvYlwMxOAhipUUzey4w.jpg,207621.0,23.0,V/H/S Collection,/esfk62fcqTWqB90dAHaVMbDWmbM.jpg
,207632.0,34.0,The ABCs of Death Collection,/fzrKAtcg75Je7N0NereOdKePHDM.jpg
/uoDt3eCCKpcxSQVWjPTgN8T0gjm.jpg,90863.0,35.0,Rush Hour Collection,/pTjvzlYByJuZ4TTkmlHIe4aDFy2.jpg
/3vT6FzqHeT7onqUAMjKk7FqARRD.jpg,376970.0,41.0,Cocaine Cowboys,/ysCY4Q91US7zEr78raJBc27KPxF.jpg
/2Mb92Ssoe1eUecvrCe2pEvgAlmv.jpg,8354.0,47.0,Ice Age Collection,/stQoHvo0q6ZcEkji2Z1wlAxKnDq.jpg
/r7MMQenUURHhAVHFymtOb8AX4Bm.jpg,115570.0,50.0,Star Trek: The Next Generation Collection,/sddV6vaUC6x37icJS3opIXTXB07.jpg
/9SpZvXLZDGGtFqVDByGqSGI64Kw.jpg,120794.0,58.0,Batman Collection,/adQxUvQW8HXNsvMG5aj71pHh9T.jpg
/6VcVl48kNKvdXOZfJPdarlUGOsk.jpg,645.0,61.0,James Bond Collection,/HORpg5CSkmeQlAolx3bKMrKgfi.jpg
/c7pMKwv5NzIN6N3KM4L8fYMTtPw.jpg,9735.0,64.0,Friday the 13th Collection,/uobgqpLQff9WvxGKE2OSvXv1RHm.jpg
/1DXtjAAaK7597GV5MSZH6nn0uqS.jpg,36694.0,66.0,Bloodsport Collection,/sTqv7FQalXNVGSpfSJaWek077w9.jpg
/z5A5W3WYJc3UVEWljSGwdjDgQ0j.jpg,9485.0,70.0,The Fast and the Furious Collection,/mCkqJf4ijbNoBWvJ0RTWZJuhJUA.jpg
/9N1PbMkYJ5Zn2suUSHt38lAJnkD.jpg,230161.0,76.0,Fright Night (Reboot) Collection,/j552uoYU3B45mIHLPBorkdoW0Mr.jpg
/nt3U4uU8GJz2zg2oTXSUFbFhI6j.jpg,104847.0,78.0,Caddyshack Collection,/yMNHFk8vcWSnzDduz7OZyPhCUrQ.jpg
/15FumSExI9SRoL7QJWZAsA0b10c.jpg,4438.0,84.0,The Space Odyssey Series,/i1WdRtc6aObiwGz5NU8WWPW3r1N.jpg
/oCLKNACMNrEf4T1EP6BpMXDl5m1.jpg,2883.0,91.0,Kill Bill Collection,/tf1nUtw3LJGUGv1EFFi23iz6ngr.jpg
/iky3AtcC5FpdIhF9SCYavEUKUQE.jpg,131989.0,105.0,Recep İvedik Serisi,/c53DOjhOlBlk0k197EoFkFTP7N4.jpg
/bccR2CGTWVVSZAG0yqmy3DIvhTX.jpg,119.0,115.0,The Lord of the Rings Collection,/p4UokEk2XnjjRTdXGe6DLYXlbI1.jpg
/uoDt3eCCKpcxSQVWjPTgN8T0gjm.jpg,90863.0,121.0,Rush Hour Collection,/pTjvzlYByJuZ4TTkmlHIe4aDFy2.jpg
/esBiZuIJyxr6sZL0OqkILcOkoUX.jpg,106768.0,122.0,Tarzan (Animation) Collection,/A7ox3LFDn87561sddxe2nZfpahX.jpg
,255478.0,137.0,Cowgirls n' Angels Collection,/p8hwMZbeNe6qQFlblm1DjKrvYOu.jpg
/Abnosho2v3bcdvDww6T7Hfeczm1.jpg,748.0,140.0,X-Men Collection,/1Zo4J5SAni8lyXt7NxJwJZ0f0ip.jpg
/RhpI828r9EKPV4x0pyHiqCDZDQ.jpg,9338.0,147.0,Police Academy Collection,/1VRdXVy2FYlX4EtllnLKWK6kYDJ.jpg
/ogXWk8vtx6Pn6kEiak8VQmFCqit.jpg,168880.0,149.0,Beethoven Collection,/pdaH4A7ecsThnSX5sOpwrcntziF.jpg
/AnhKboZjfeGuHI6qg7pp9RCesTF.jpg,55422.0,156.0,Peter Pan Collection,/t0mINaIut2aDKdGseQtC7UcbRNW.jpg
/v5LLxWvV9bZWkBf1uUb7cruSQm8.jpg,106011.0,157.0,Shadow Boxing Collection,/dGd4SGR3MuHUgG4WWyl8YO1uVpZ.jpg
/2pRLc3z0jE1WkFJLCZyITtYjo08.jpg,173344.0,167.0,Qatsi Collection,/AlE6QJc87zH5vYw6AI779ywRZG6.jpg
/6KE7AguGR3UqwUn5RkzkoBc3MLy.jpg,937.0,169.0,The Pink Panther (Original) Collection,/xu6gZ0zGUSR8SC2QLKFaUrX2niM.jpg
/zI0q2ENcQOLECbe0gAEGlncVh2j.jpg,8945.0,170.0,Mad Max Collection,/jZowUf4okNYuSlgj5iURE7CDMho.jpg
/RhpI828r9EKPV4x0pyHiqCDZDQ.jpg,9338.0,171.0,Police Academy Collection,/1VRdXVy2FYlX4EtllnLKWK6kYDJ.jpg
,434270.0,173.0,Lew Harper Collection,
/m8LAOuIhlCBr6dWdtVF2C2ioMrc.jpg,59586.0,174.0,The Blue Lagoon collection,/A4U11Zhp5KjiKOrghNlqNlmrbhw.jpg
,466004.0,175.0,A Few Best Men Collection,
/z5A5W3WYJc3UVEWljSGwdjDgQ0j.jpg,9485.0,176.0,The Fast and the Furious Collection,/mCkqJf4ijbNoBWvJ0RTWZJuhJUA.jpg
/Yt2ZxbJv2HM842B6FNMr59Vhyb.jpg,5039.0,179.0,Rambo Collection,/feGOEOVrOLyjtEnVa88rQLgD3XY.jpg
/6VcVl48kNKvdXOZfJPdarlUGOsk.jpg,645.0,180.0,James Bond Collection,/HORpg5CSkmeQlAolx3bKMrKgfi.jpg
/wy72negkJZcoOKkYkaWR7qgSXSF.jpg,101385.0,187.0,Trailer Park Boys Collection,/rnpQXPaiiS90KidhNI34maU9aiW.jpg
/uaEUgCqB6lGkvM4Wy5blNwLJdfa.jpg,8917.0,191.0,Hellraiser Collection,/lIK0UgJsA18Z5I1PwpucXzgyF3A.jpg
/cj7F0fz5NGWhZKZmqxRnN7SpQc5.jpg,373538.0,194.0,Enter the Ninja Collection,/zmHiLeY4Mr0l5ZB9LIr42XNb5rN.jpg
/ddGPthtIvNM2f8qBAyxa5GSKskK.jpg,286162.0,208.0,Power Rangers Collection,/zyHCzQUkgaemgCMEplqAqsp83SA.jpg
/us13Po7SYoHl9wBNVcz04t0oh7F.jpg,2366.0,212.0,The Jaws Collection,/fgraZdDCvAtBr0MHczmL6raonHd.jpg
/rc6OFcSasL5YxBRPUQVwxmVF6h5.jpg,148065.0,217.0,Doraemon Collection,/69oxxREwOQBa5QISbH2gvBCyds2.jpg
/oO7O5kcxrr0ZUC3qcO3y8Q0OM0m.jpg,112537.0,219.0,Sällskapsresorna,/t80sQEt4AHUmNmpSVYanCnKSGHG.jpg
/o5rgryRLwlOApsO3toqpqhhdS7H.jpg,86336.0,224.0,Basic Instinct Collection,/hiM5EvFgjFboZtPMY5vFjhNnRQc.jpg
/o9Nll2BovcZ9EDmBBMmnHx99wP4.jpg,115142.0,237.0,Tales from the Crypt Collection,/mjP1Ktqz3VCyX2akRAIjgxaALwx.jpg
,469613.0,238.0,Los Leguineche - Colección,
/ucDNm5TJW1ji7kIjnX2SZYm7ATM.jpg,43072.0,247.0,The Mask Collection,/pl2vNt9XlxITTgm8wCQ2Y6ThkpT.jpg
/wJueJlh2mzbZYkjgR7jNBDfIXG6.jpg,115840.0,251.0,Would I Lie to You? Collection,/zHNB1c9ABRWhMknTuUXvz2XtV9B.jpg
/xt0E8CHXzLxEoiPqrjZMRrM4Izi.jpg,23026.0,259.0,Ghost in the Shell Collection,/xEQVBrAd1hWtwCeK39RQ84CRqB7.jpg
/6Fjkbh2DVAvVZa3c1HamblAN5Bg.jpg,182813.0,268.0,Clerks Collection,/qEjGvJ9I2ak6ENjdJ23dfjqLkAK.jpg
/hTbw2nLM44eE5m7ZIIXodcoDR1X.jpg,86110.0,271.0,Diary of a Wimpy Kid Collection,/4Miizfzuds4ldROTff9vB0Z3EId.jpg
,381396.0,281.0,Bats Collection,
/zWiiLNg8yXv0he3tCH6XignPaYV.jpg,131635.0,295.0,The Hunger Games Collection,/ttbKy12hDjSHQcM7sCoeW1WsDlW.jpg
,350836.0,296.0,Dark Planet Collection,
/87K8X2WixRlR3LxzeydW83N7nM0.jpg,91799.0,301.0,Tremors Collection,/dCeNEdBgkpXMIAndv02JI3DXzKj.jpg
/6VIGk6OIqlKWrb4rjTvDklBfv1n.jpg,46512.0,305.0,Missing in Action Collection,/t1pfgb8r4Kx3qLN4H8vDZdfD50R.jpg
/yPyhZ5OpYs68Bb8u0PZ1tH0QIgd.jpg,87118.0,315.0,Cars Collection,/uq3N2SFj1Y06zA6LzCQPkmBdaaE.jpg
/2y42CZ6LTtpJKYRf0dUEFQ13W9f.jpg,102019.0,319.0,Death Note Collection,/jh35G1kYbqEOddhxny6KmRHc9FI.jpg
/dtz0ju3dikZaiSJ9HmVoMs9imT8.jpg,3169.0,326.0,Dr. Dolittle Collection,/gCY8N724wNeAfegWCAkTjUSMr34.jpg
/b9CLLxKsh63AHEkGE9nz9bupQqh.jpg,92012.0,330.0,Happy Feet Collection,/pYbF2FAi2MEVshl8jCDNTRNdTF0.jpg
/scBzORmLqP00h8hPKS19TLtyRQm.jpg,382685.0,337.0,Now You See Me Collection,/n0ygWnRip5RYnejdI6Lpwxov0x7.jpg
/mKTYkGMseCEFXuZ4CjuZ00xXRCd.jpg,110177.0,339.0,Goal! Collection,/jaUSrep1RTzr73QPN3DNkW4LiRn.jpg
/eyKpawn8yMq6kdv03wgKruMuSJX.jpg,142680.0,342.0,Alex Cross Collection,/64mlnEVoq1I0BZe4iDdAv89qO9Z.jpg
/qYlcVBifq5T4wyWV00a5Awq0kUi.jpg,192492.0,345.0,The Jack Ryan Collection,/uCuiExsQDyJagov5aVAyw38YEm.jpg
/c0XFWONQ39hfOCJIg3FUuRoGgH0.jpg,170754.0,346.0,Arthur Collection,/bdRCMpvyTX1zPR28GHcFjjA3LHt.jpg
/6VcVl48kNKvdXOZfJPdarlUGOsk.jpg,645.0,352.0,James Bond Collection,/HORpg5CSkmeQlAolx3bKMrKgfi.jpg
/A9IEaj9cPAwEgFnTmteB70oxgJY.jpg,94032.0,358.0,The Lion King Collection,/oG1heUs503GV6xBnFhgyYTGWm05.jpg
,343944.0,362.0,Singam Collection,
/vm0i4KIscrTiUsri21z1SOIG4fo.jpg,2396.0,368.0,Asterix and Obelix Collection,/f6C6tDEU3aJndJokSLvYLuwVt0k.jpg
/5sMWk8wutGCFAM7MAFPQJyc0ny0.jpg,98513.0,373.0,Behind Enemy Lines Collection,/baDDWPQgZyBKiDNeipLJ9LEZ5BX.jpg
/pFgV70FI1URDLFY3bllhPl6sC33.jpg,57129.0,377.0,Rugrats Collection,/zamw6yLqCFqAHG1HPSPOCws82Bb.jpg
/aIXcqHz5VKRLXHPsNo0dFoK7YP5.jpg,103372.0,386.0,Mr. Bean Collection,/61Jcc1Gwc2KE7sIJ1HPqqdt67ji.jpg
/grCEwz2sIneF1wlDtVx6UiLqtLc.jpg,307637.0,394.0,Jingle All the Way Collection,/8lId3K1HKp39peVG1VwLfA6RFsK.jpg
/ogcQ0P7d1qY8S0CUWOeUrSa1BSB.jpg,101688.0,395.0,Cannonball Run Collection,/8Bq9YD1UIw1hdkccegKVaUipBH9.jpg
/g7RBq92ijQg1MAF2hF69rWT6Ux8.jpg,3601.0,406.0,I Know What You Did Last Summer Collection,/2g6Ui3CCNcDtL4wasCziivogpfW.jpg
/m7KWyG7VwXoPbwr3DgeDqed8qU0.jpg,91746.0,409.0,Bill & Ted's Most Excellent Collection,/e8ytcWY0r32q3RdNJDnv5KRh9hC.jpg
/kB0Y3uGe9ohJa59Lk8UO9cUOxGM.jpg,8091.0,411.0,Alien Collection,/iVzIeC3PbG9BtDAudpwSNdKAgh6.jpg
/i8QZZV1olny9FCPNrxAL7Kk9CJy.jpg,10453.0,422.0,Poltergeist Collection,/8Z6P04pKGvCnkmHdAl2lmbfAIbN.jpg
/hQXX7E22e1xJVudoNgZJn95BIAl.jpg,228887.0,427.0,Daddy Day Camp Collection,/x6sXJspIoqj3CWqSfv8IYxukKP9.jpg
/7DsbbkQAKSci07Jp4fJVq3QXSEF.jpg,52749.0,432.0,The Butterfly Effect Collection,/8lkeUgXNSB0foS3wU7rkuMTdMKV.jpg
/pMHHhMKu2iQichL6Eym4ApCvIEB.jpg,86117.0,438.0,Johnny English Collection,/3a2BVS2aFHK66pnIqFKcJ9HaC45.jpg
/mLLztGKyxSLoWjgRSpmm9W12VsU.jpg,125570.0,441.0,300 Collection,/nKQqh6kJvPdpOJD24enD3Bm1Hy5.jpg
/bonZuSo9YE7LFHEFE8oLD3qv32o.jpg,10713.0,447.0,Universal Soldier Collection,/vz9ym8LnmyvEAm4ms9PH8JUmUuQ.jpg
/zRWuGdIlkWqXMQcs1t3sPy1XQ6x.jpg,9435.0,448.0,Babe Collection,/jgnah0k4AumfcZE4HHMJywYHvG6.jpg
/uaEUgCqB6lGkvM4Wy5blNwLJdfa.jpg,8917.0,454.0,Hellraiser Collection,/lIK0UgJsA18Z5I1PwpucXzgyF3A.jpg
/UzzUEBULGUuk695tZhLO9xShxV.jpg,389767.0,459.0,My Big Fat Greek Wedding Collection,/oalS0sTGzk2mgiAyOQ5iVR4juJC.jpg
/6p1OzuIKWnTDfDea7IpB9xra5J.jpg,9649.0,460.0,Mexico Trilogy,/qmPhILSFQKaRyc81mVJWl05tHai.jpg
/w4h6gjdWPvmu5R9H6zeGDPo1ZuV.jpg,1575.0,467.0,Rocky Collection,/mCY5dMkSSFQufGCViI6jNUU6pXq.jpg
/1ok5JGCsDt4Sh3CkFeXh2F2KB7F.jpg,8580.0,470.0,The Karate Kid Collection,/o6h2F0C5eZOy50Q76fNYzc9mvvw.jpg
/uEtsf26a9RsRDy85MOIv1xAj44x.jpg,86119.0,472.0,The Hangover Collection,/aMmNLuyXvdBih1R5RRHtdtNaS6N.jpg
,265865.0,475.0,Space Dogs,
/rpUficLJq3I7GvRafTVT1TVRsms.jpg,166373.0,479.0,The Marine Collection,/7sPY1VK4yD5Zlv16DUei65rtrjn.jpg
/7w8qHVqkc2y9GyBrSCUXHASXjt6.jpg,122123.0,488.0,Three Heroes Collection,/aH6Y1srPOtl2djeJEoOyYNF2vNW.jpg
/quFWGOA4I5KCTsyDbvLh6PHNZwv.jpg,256322.0,489.0,The Purge Collection,/nP3c8mTSxlis4vfg0UjlkK8LRG9.jpg
/arH2YrpG7EVMnA4JCtzAXt9wQQJ.jpg,185103.0,500.0,Hotel Transylvania Collection,/zRNpkbP9QpcV2wz9dFzCzdG9fSD.jpg
/9xbrJQoHkTgkXY8oDsTmND0FiEX.jpg,134011.0,508.0,The Fugitive / U.S. Marshals Collection,/idhUzfuEC24PTYhkWasivjoA3O0.jpg
/mIqsp7AFmyTYjJ4N9qv3FhAUz60.jpg,170452.0,514.0,Timecop Collection,/7MzxlFFswI2OB7PifjnyMrrYke5.jpg
/mkqD8O0CJxaZf6V0ps2DyZee4HP.jpg,206559.0,515.0,StreetDance Collection,/d0xdu3kaMbQ8FnJkfWI2tfpMATC.jpg
,143757.0,516.0,Stir of Echoes Collection,
/n9KlvCOBFDmSyw3BgNrkUkxMFva.jpg,468552.0,519.0,Wonder Woman Collection,/yEczguvMSFJRuUiOFgWXsZG3CsG.jpg
,366444.0,531.0,Demetrius Filmreihe,
/fXVzk9OxQwROCuiWvd0Cv76qmZi.jpg,399.0,534.0,Predator Collection,/6Z7lASptoiRVxiCFvZaFgH9qp7u.jpg
/6kh59mZizZsttZPR0HAdXk6Ve2n.jpg,84.0,539.0,Indiana Jones Collection,/lpxDrACKJhbbGOlwVMNz5YCj6SI.jpg
/g7RBq92ijQg1MAF2hF69rWT6Ux8.jpg,3601.0,543.0,I Know What You Did Last Summer Collection,/2g6Ui3CCNcDtL4wasCziivogpfW.jpg
/bccR2CGTWVVSZAG0yqmy3DIvhTX.jpg,119.0,544.0,The Lord of the Rings Collection,/p4UokEk2XnjjRTdXGe6DLYXlbI1.jpg
/m5nPr3cOxqzU68luWfwNngazHnE.jpg,426103.0,549.0,Ouija Collection,/Hn8bic15hWcTVJnZkf6WGu5Mm7.jpg
,95051.0,550.0,The Up Series,/nLIBjyGeV2TMiv82MmKq5zX9DhG.jpg
/iyWB8vLTJQemdLahc82NRR7jb86.jpg,405393.0,560.0,The Black Stallion Collection,/1B4F7R10v5JL9Qplqttl5h9LVEe.jpg
,320064.0,565.0,El pico - Colección,/kcjg2UlqqUqv232gjcLtSWZHS2x.jpg
/bpn1vynevsKLwAMRikY1L6cb18p.jpg,1565.0,571.0,28 Days/Weeks Later Collection,/4AeGz1Jwnq6ky2kfLT95Tm8nEiw.jpg
/osLewbX6FJMy1iUcNHm6hoiNH0j.jpg,105625.0,572.0,House of 1000 Corpses Collection,/7xpo52YDhHNFG5qdrLxhG58k0ke.jpg
/jiS4x140miaEH524CAFTvuxrcZ1.jpg,8936.0,575.0,Bridget Jones Collection,/fB3BE3TL85Wh7dxNJf226IYQCp.jpg
/oVqe4GNZkbWPppmvIyxFmyZNPhx.jpg,45154.0,577.0,Darkman Collection,/mHrcic92RHbKHDi5Lxdhu5job6X.jpg
/oIJQPVy33uxBAu9LMXwjsgHLyxP.jpg,10924.0,584.0,From Dusk Till Dawn Collection,/a156nAy5ZTGXlO5wgfvnF26aaDB.jpg
/8utTJ9WoQeYcZ0Ztciv6auqwLXl.jpg,17255.0,588.0,Resident Evil Collection,/bqnMPsZr9vhjJIwLxc3XzHkYORM.jpg
/wtNugZq8ZzBYwPIh3VoNUJdkBWG.jpg,123800.0,594.0,Before... Collection,/giaxAC74fht0LVQ4WKVoDzLM2Iy.jpg
/yGxQgs3qBfmKk7VKT8VfyLKkA1I.jpg,107725.0,597.0,Creepshow Collection,/wvoSFYgc36Zz2j8eDvysKDW1FZ.jpg
/wxKt5KHvMYUSLHvyPf2xj64y3dJ.jpg,144200.0,610.0,Swan Princess Series,/3qBPAUFUMOOT9KqUEYXWAKy93Ge.jpg
/quXPBggya3DoHnxZZ6urOR9e6vR.jpg,366826.0,615.0,Navarone Collection,/vCZqWt03pj8Tydt04H12XiJ0NZk.jpg
,195441.0,618.0,Dennis the Menace Collection,/gSJO149uXqwqkTNfCYyj5KnMLW6.jpg
/3JFe9AWoKuQWox7HO8HKgYRMOF7.jpg,9744.0,634.0,Fantastic Four Collection,/prObnUSCHIBC8ZjkGo2KHgjkWOo.jpg
/kY2nJgcvBgjLuAJxygbXYv1el2h.jpg,221966.0,635.0,The Odd Couple Collection,/iSRzUpJBro5vgskqVlCNOvXNxjh.jpg
/2IqXJIR1i0f6Ngq3A6rjXhQNqFc.jpg,91430.0,636.0,The Neverending Story Collection,/tXuOhgEbXoba7vVIybzGlnycoNq.jpg
/3jr0rQcsWyfqBlmzE0h0igjJohS.jpg,86092.0,638.0,Step Up Collection,/f4KxUp5IL5sgoDzFUL9GoUfy01C.jpg
/huyrvVKEKa9czUY89fnvaAVAtkX.jpg,529.0,650.0,Wallace & Gromit Collection,/993pCCMO9g9RQUtNDxQgE1B330H.jpg
,312977.0,660.0,Iron Sky Collection,/naglSR1dCuhpX0MHjSa4Cb9YObm.jpg
/o2fZZfJH3c3EB8DXWz7jenonlCm.jpg,86668.0,666.0,Elektra Luxx Collection,/6HP0JujRP7IUhymQW1IZPtqbxsi.jpg
/7wO7MSnP5UcwR2cTHdJFF1vP4Ie.jpg,121938.0,667.0,The Hobbit Collection,/hm2VtxeCBqWJnPNmvXPPXiHydyp.jpg
/7qwE57OVZmMJChBpLEbJEmzUydk.jpg,96871.0,670.0,Father of the Bride Collection,/nts4iOmNnq7GNicycMJ9pSAn204.jpg
/fYMsCXEMguNlSORJIHydfBgOnty.jpg,179892.0,677.0,Kick-Ass Collection,/2UzHizIS6Z87ocDdY4TALPj1EqD.jpg
/29gIFb0wzsl2ArW9HZ2S2ERdDp4.jpg,328372.0,684.0,Mall Cop Collection,/dpI0Ms55QByARcgeMf0YK1z2x3D.jpg
/d8duYyyC9J5T825Hg7grmaabfxQ.jpg,10.0,690.0,Star Wars Collection,/ghd5zOQnDaDW1mxO7R5fXXpZMu.jpg
/3ZX5hvXjMxWJ5joyJxmWJT5nZDo.jpg,376650.0,700.0,Ride Along Collection,/7bjrke8mdxWG3PnFgvipbEOhc0Q.jpg
/3ptXtaqzAZlMXn3nZxaYke4anmK.jpg,2806.0,703.0,American Pie Collection,/twY1eM88fu8CCGVtem5ItlrgeDA.jpg
/lA7oDSt6LkyDqtbFGbyuG0afmTI.jpg,126125.0,709.0,The Expendables Collection,/ptF9rVkzoXVO1bnglLISgnJ7Ccr.jpg
/eWikaqHnqLYtCh7pkBeZY3Y5QSm.jpg,19160.0,719.0,FernGully Collection,/vXxfiihxZDd4M3EYYvEaXcHsab2.jpg
/rDzuccVBZSyNVQ26hTRT0DvneVA.jpg,74508.0,720.0,[REC] Collection,/jTA37dMZVUFej20EoM5SomKtnYi.jpg
/mLtlXvBFG6Q2BZHkeciWO3BYfhH.jpg,99635.0,721.0,A Better Tomorrow Collection,/b7UQJjwIXLtKejp5FvspTqRh9VP.jpg
/rv5b06YAvmekw0D6Ul2ps9JbH4C.jpg,33514.0,725.0,The Twilight Collection,/2o4zgGjVryMOPdNqLZWsSPqRkOH.jpg
/ndCkoXtdQErEb7RAfq0Y93xZzoG.jpg,229932.0,730.0,Rio Collection,/AuaToCmX55xDycK4oFJEYMgcK0O.jpg
/t5zZZOvXK8m5z1omMdEEWcL6ywl.jpg,4563.0,734.0,The Vengeance Collection,/ilyS5xmHzMtTq4ngVRNKvZEbSRo.jpg
/sfT3NqSnjEDY1449qBgQRWOIcaq.jpg,72119.0,736.0,"Honey, I Shrunk the Kids Collection",/xxIwqQARS0RZu5cIENahqZSRw2a.jpg
/qs200GlvLNIQKUns6AIeLcJWtPT.jpg,135179.0,740.0,Sin City Collection,/aGgHxGVmjssn7lw1ZucY5U2gI8K.jpg
/hRaxX6WmtukiBvi8ru7RFVQiDYk.jpg,93295.0,745.0,48 Hrs. Collection,/8Dlcb8aDch6sUcWBc8zSSfNbPgG.jpg
/mkMeDXskWSSMGdgAcQQlc6LcjqA.jpg,391739.0,749.0,Cirque du Soleil Collection,/nXome5ObjbFONvQkfCu2kgsNcaR.jpg
/Yt2ZxbJv2HM842B6FNMr59Vhyb.jpg,5039.0,752.0,Rambo Collection,/feGOEOVrOLyjtEnVa88rQLgD3XY.jpg
/m8LAOuIhlCBr6dWdtVF2C2ioMrc.jpg,59586.0,754.0,The Blue Lagoon collection,/A4U11Zhp5KjiKOrghNlqNlmrbhw.jpg
,416468.0,764.0,World War Z Collection,/gDObITaWQUaS9Par6ntLyvq1JrK.jpg
/c9C9Pg2QctyjZHRmS0P8rZg1OTA.jpg,264.0,783.0,Back to the Future Collection,/UV8VEgAxgKVnCVnZhFACmhxjE4.jpg
/iVqkNuy2jpcurdk2ZH2iAexJTo6.jpg,437451.0,787.0,Cinderella Story Collection,/65raP1FRJpPC5GVWVvemQ3kLAKG.jpg
/eWVVSybV9xkrvGBAx2I721iROPx.jpg,33085.0,792.0,The Little Mermaid Collection,/mwyAzxyGm609qcNJYBRcGNaTblt.jpg
/AAhYXBVIEl6WgQnzfBsauTIC25.jpg,10455.0,796.0,Child's Play Collection,/50aqbDvbOtdlZrje6Qk4ZvKM7dM.jpg
/b1T7EU7e5XuYHz35iiA0eLg0yKp.jpg,97459.0,805.0,The Jungle Book Collection,/uwtMVtIFZy7dfQrR7brKHoDN5H6.jpg
/v9N8AxyHf9crA9Iza9fF5ntPJFj.jpg,449462.0,807.0,Super Troopers Collection,/lO5B9CinMMFgdkNGTPqPSZN7DWk.jpg
/j1IqpLhCypllamjKe6C2RstjfEQ.jpg,115776.0,810.0,Robert Langdon Collection,/mZDeXsVhBxnWD3tGOQ69vKS3WYL.jpg
/uoDt3eCCKpcxSQVWjPTgN8T0gjm.jpg,90863.0,813.0,Rush Hour Collection,/pTjvzlYByJuZ4TTkmlHIe4aDFy2.jpg
/c9mWaF2oeodriDLqYQr425sasxo.jpg,115838.0,815.0,Escape From ... Collection,/8Zih8QGPJNXUuws0fIZmjxjs2Su.jpg
/qI483yHct3PBtIiOH3K3SVNUDq5.jpg,167613.0,819.0,Alvin and the Chipmunks Collection,/fLvRQcuk5ZFKnDvUC553XK3OnPC.jpg
/wtNugZq8ZzBYwPIh3VoNUJdkBWG.jpg,123800.0,826.0,Before... Collection,/giaxAC74fht0LVQ4WKVoDzLM2Iy.jpg
/xfKot7lqaiW4XpL5TtDlVBA9ei9.jpg,263.0,833.0,The Dark Knight Collection,/bqS2lMgGkuodIXtDILFWTSWDDpa.jpg
/74R8bq4RDuxK3F0VPGlse4YH3Ab.jpg,211721.0,834.0,Taxi Collection,/nCzy28TbMJDJLxuaPgQZrLgmuT7.jpg
/zI0q2ENcQOLECbe0gAEGlncVh2j.jpg,8945.0,838.0,Mad Max Collection,/jZowUf4okNYuSlgj5iURE7CDMho.jpg
/sdbStuQ5qEPZqqWUlNlBd0dPtBT.jpg,221539.0,845.0,Dracula (Universal Series),/srgkikGqQD32mhaq8wT6Qz2eLcD.jpg
/3WZTxpgscsmoUk81TuECXdFOD0R.jpg,230.0,846.0,The Godfather Collection,/7SJVjEDoo7xH62TS8stkqRk4Byo.jpg
/2Mb92Ssoe1eUecvrCe2pEvgAlmv.jpg,8354.0,858.0,Ice Age Collection,/stQoHvo0q6ZcEkji2Z1wlAxKnDq.jpg
/d6huUTFcLRVOHeS70zj8WF4J71U.jpg,215456.0,872.0,Keinohrhasen Filmreihe,/jRDSPbqRWAHux09eVm1riddAdys.jpg
/vNqeD5ECuhb7FdQiOPCjeI23YK2.jpg,97771.0,879.0,Major League Collection,/u4XZNh1jdUsetzQ9XjUQGMgIsdM.jpg
/xX2mxqqYnG5nmujfZ422iXgXyOO.jpg,261307.0,882.0,Alice in Wonderland Collection,/xSDwVJEdtewx9pfD125PCdRgznH.jpg
/ee8zhn4VIXQh1J5t7efyybcvHLj.jpg,90306.0,883.0,Ghost Rider Collection,/bZBasloaMhjxCwH6tV0eziNMqut.jpg
/e1kU1iZ5KLGQTCSHOIwiUPBeauL.jpg,258372.0,885.0,Ivan Tsarevich & the Grey Wolf Collection,/dw60cCxHgxcYwzhhgE0GvJjm8WI.jpg
/6KE7AguGR3UqwUn5RkzkoBc3MLy.jpg,937.0,886.0,The Pink Panther (Original) Collection,/xu6gZ0zGUSR8SC2QLKFaUrX2niM.jpg
/UzzUEBULGUuk695tZhLO9xShxV.jpg,389767.0,889.0,My Big Fat Greek Wedding Collection,/oalS0sTGzk2mgiAyOQ5iVR4juJC.jpg
/3jr0rQcsWyfqBlmzE0h0igjJohS.jpg,86092.0,897.0,Step Up Collection,/f4KxUp5IL5sgoDzFUL9GoUfy01C.jpg
/6kh59mZizZsttZPR0HAdXk6Ve2n.jpg,84.0,903.0,Indiana Jones Collection,/lpxDrACKJhbbGOlwVMNz5YCj6SI.jpg
/xfKot7lqaiW4XpL5TtDlVBA9ei9.jpg,263.0,907.0,The Dark Knight Collection,/bqS2lMgGkuodIXtDILFWTSWDDpa.jpg
/jqmQLcdn3aEyc30nesZn7qixfoP.jpg,247028.0,916.0,Rurouni Kenshin Live-Action Collection,/yBYLuwZ1zbRBEKaZmwiThsEqUbC.jpg
,123255.0,921.0,Prom Night Collection,/tHhPnpJad4RVICIwaeERIq63ARg.jpg
/mmxf1sOe2T1sma0tH0TgTdcit1p.jpg,91361.0,922.0,Halloween Collection,/2uqHV6YcD9jEL2WuJYjXiiuRDqd.jpg
/yiLa63gIb7EGH9BbUWXHwI6PMmx.jpg,410261.0,923.0,A Goofy Movie Collection,/4AkuuP5ljZMsAhzVnpzIXPSmDoy.jpg
/jgq6X9da6KnEzKNqqb3dYR8bWKy.jpg,387618.0,927.0,8MM Collection,/8Scc8lBpS2lQs7KPOuxzlm2Z0iP.jpg
/gh0OZpG16E5LtTAkCRkr5j0v1Fh.jpg,91427.0,931.0,Agent Cody Banks Collection,/nQZ1TuxTEFrZLEU02kTTeKogFbX.jpg
/fSwYa5q2xRkBoOOjueLpkLf3N1m.jpg,404609.0,935.0,John Wick Collection,/uGhPxTrmT5yASzZrR1oz1ft9UWr.jpg
/iGoYKA0TFfgSoZpG2u5viTJMGfK.jpg,34055.0,944.0,Pokémon Collection,/j5te0YNZAMXDBnsqTUDKIBEt8iu.jpg
/Yt2ZxbJv2HM842B6FNMr59Vhyb.jpg,5039.0,949.0,Rambo Collection,/feGOEOVrOLyjtEnVa88rQLgD3XY.jpg
/AtoH8LJQ2sFXfV4gSxxe39XSdzZ.jpg,344555.0,961.0,"F*ck You, Goethe Collection",/3jH6BgPTXxkBx7N35aTaATzlaG.jpg
/wfnMt6LGqYHcNyOfsuusw5lX3bL.jpg,1241.0,962.0,Harry Potter Collection,/8Xmkc1HvCOpMlbFvVabrtr6HAsp.jpg
/yUvBiiC77UY6SyKhfFyLj7DNbfh.jpg,14890.0,963.0,Bad Boys Collection,/tSVbihfvVTCbcm0zXKA7L8R6Y9v.jpg
/pBmhj6KkEjlzc3e7jAPkIHgGIrE.jpg,108693.0,966.0,National Lampoon's Vacation Collection,/zvEUkLpDO7xlgabBEA9CCc0cvAt.jpg
/lA7oDSt6LkyDqtbFGbyuG0afmTI.jpg,126125.0,970.0,The Expendables Collection,/ptF9rVkzoXVO1bnglLISgnJ7Ccr.jpg
/opwZzjx69QvbSX1zbC0sc4J4KBX.jpg,313086.0,972.0,The Conjuring Collection,/z5VKhNSQKQyxm0co68HAkCqHnmX.jpg
/o8NBfffQPE9tHTR9l7FuWbdVPHu.jpg,63043.0,975.0,TRON Collection,/cvFlDIfOwhYe4ouAAfdyq9E5zlZ.jpg
/234TMV6vkkQZgYMJ2fOc1Gx1QeK.jpg,241729.0,976.0,Alpha and Omega Collection,/mAY1IkH0IoaETKlPu7t7Qj0agbp.jpg
/oLfS1lOmN2KIU2IQ200SDEPVEZe.jpg,656.0,998.0,Saw Collection,/xmC2A7qPEfiOkQC58fZh8srWQ5v.jpg
/hQXX7E22e1xJVudoNgZJn95BIAl.jpg,228887.0,999.0,Daddy Day Camp Collection,/x6sXJspIoqj3CWqSfv8IYxukKP9.jpg
/c7pMKwv5NzIN6N3KM4L8fYMTtPw.jpg,9735.0,1009.0,Friday the 13th Collection,/uobgqpLQff9WvxGKE2OSvXv1RHm.jpg
/jolu4gMP6g2VmUZt099U6X6jNNJ.jpg,306031.0,1013.0,Pitch Perfect Collection,/n1bCFVJeVxX1yCTnXy4OCRwynF1.jpg
/iGoYKA0TFfgSoZpG2u5viTJMGfK.jpg,34055.0,1023.0,Pokémon Collection,/j5te0YNZAMXDBnsqTUDKIBEt8iu.jpg
/hybYYwBqaomfePU3uaiJfpg7ykC.jpg,123724.0,1037.0,Dracula (Hammer Series),/n5SozLvdQZ7cYJb22ZIwNw1DzSg.jpg
/tfpOdV9gvqbGJEeLGSu5X1vOLKV.jpg,401562.0,1039.0,Teenage Mutant Ninja Turtles (Remake) Collection,/i3DywIl37k83YXWreQGIcWNF7kL.jpg
/a0GLVfaDSf5GNZKK5H4FgGCD2VW.jpg,52984.0,1043.0,National Treasure Collection,/z5EIRaI8XS0brelYwDFEVlxcpzM.jpg
,138706.0,1047.0,The Stepfather Collection,/6eDLlwDzze6pZVF3lnpLGvKgblX.jpg
/6Fjkbh2DVAvVZa3c1HamblAN5Bg.jpg,182813.0,1049.0,Clerks Collection,/qEjGvJ9I2ak6ENjdJ23dfjqLkAK.jpg
/3FHrAeYMogXd6K1e5tUzQAiS7GE.jpg,403374.0,1050.0,Jack Reacher Collection,/7baSUtFKi8PQ9SLo6ECYBfAW2K8.jpg
/6VcVl48kNKvdXOZfJPdarlUGOsk.jpg,645.0,1060.0,James Bond Collection,/HORpg5CSkmeQlAolx3bKMrKgfi.jpg
/ojjzZUQlqKTsN1T7s5OAVZSjYMH.jpg,420.0,1064.0,The Chronicles of Narnia Collection,/sh6Kn8VBfXotJ6qsvJkdfscxXKR.jpg
/vxmFb03PyjycekffLqXqFibbCzx.jpg,304.0,1066.0,Ocean's Collection,/rMWeMGBftk6IxNW5mJVH8ZXAvuq.jpg
/6d8jbKsWVUKrKBHMcf9mvBkFCgv.jpg,85946.0,1067.0,District 13 Collection,/vNDuGLyr1yT2mY2y41SSWDKiLgu.jpg
/gxO7v1S7hInpRI24fH8yhu0DBXd.jpg,476065.0,1075.0,What the Bleep! Collection,/ngXUKFlQ66UqORHoUlLJEmGRCma.jpg
/nV090IHp1kG5oMgDCmGSYAwkN8D.jpg,286038.0,1076.0,Dead Snow Collection,/qhvXYMyPWcFeOsoO4EqOS8T9lwI.jpg
/bSLbqUqs5FzBOb1aO9v7qz71R0U.jpg,945.0,1082.0,Lethal Weapon Collection,/5zg6QLY0tdDLVHLwn28oowG3m8H.jpg
/3eyH0cwrBdrSCwKF24oOwy8fO7O.jpg,446782.0,1083.0,The Disappearance Of Eleanor Rigby,/xg3F3P9becOjNqYHlMuBcWPXU5G.jpg
/lidPLbyE1JCUacEDOzkTCncCPBL.jpg,17178.0,1088.0,Jackass Collection,/olpnvtLgoScLiCg3YHJ3f27F98f.jpg
/3WZTxpgscsmoUk81TuECXdFOD0R.jpg,230.0,1094.0,The Godfather Collection,/7SJVjEDoo7xH62TS8stkqRk4Byo.jpg
/6VcVl48kNKvdXOZfJPdarlUGOsk.jpg,645.0,1096.0,James Bond Collection,/HORpg5CSkmeQlAolx3bKMrKgfi.jpg
/5OnkBYm7VTFt4jTFB0tMFCQ3zxk.jpg,471435.0,1098.0,Wolf Warriors Collection,/aDDToktQQPl0TehvHftj8aQo5G7.jpg
/AAhYXBVIEl6WgQnzfBsauTIC25.jpg,10455.0,1110.0,Child's Play Collection,/50aqbDvbOtdlZrje6Qk4ZvKM7dM.jpg
/rDzuccVBZSyNVQ26hTRT0DvneVA.jpg,74508.0,1114.0,[REC] Collection,/jTA37dMZVUFej20EoM5SomKtnYi.jpg
/6VcVl48kNKvdXOZfJPdarlUGOsk.jpg,645.0,1116.0,James Bond Collection,/HORpg5CSkmeQlAolx3bKMrKgfi.jpg
/qXpWa7kDopkOyEhuZtOLgIh4SW9.jpg,109076.0,1121.0,Lost Boys Collection,/rpuL8zSLmVt34gwk03gSGReSjog.jpg
/1mfDXSIPdbpBfTtdjmKnfSuAYUx.jpg,104833.0,1123.0,Fletch Collection,/kf8dk2ASMf0DEi5TZRXK47MDeHU.jpg
/2Mb92Ssoe1eUecvrCe2pEvgAlmv.jpg,8354.0,1125.0,Ice Age Collection,/stQoHvo0q6ZcEkji2Z1wlAxKnDq.jpg
/eyKpawn8yMq6kdv03wgKruMuSJX.jpg,142680.0,1126.0,Alex Cross Collection,/64mlnEVoq1I0BZe4iDdAv89qO9Z.jpg
/zuW6fOiusv4X9nnW3paHGfXcSll.jpg,86311.0,1127.0,The Avengers Collection,/qJawKUQcIBha507UahUlX0keOT7.jpg
/jrLLRe7pctP1aFDRuD9mt59YGHX.jpg,1960.0,1129.0,Evil Dead Collection,/eWFADubShlTEUiNsPcN6BMOKakr.jpg
/ldGGb98U7ytidfLHY5wKazeB6MO.jpg,87220.0,1131.0,Smokey and the Bandit Collection,/XYTaoh3qo6gYvJ8UAtnY9icY2Z.jpg
,437628.0,1133.0,Constantine Collection,
/gY5NPUGGJJdaGPlEM6f2pfHNtit.jpg,8050.0,1136.0,Highlander Collection,/mNIXoyFicGseg9NoG3NHKZolKze.jpg
/iGoYKA0TFfgSoZpG2u5viTJMGfK.jpg,34055.0,1137.0,Pokémon Collection,/j5te0YNZAMXDBnsqTUDKIBEt8iu.jpg
/jQiwVHJN1rsS4DqhF7hlYZTYCH.jpg,53159.0,1146.0,The Santa Clause Collection,/1h8iA6i2DpPhsHC65nUB2voVnm5.jpg
,99606.0,1149.0,Mean Girls Collection,/9XoyvX5uWQRoiz9IodCgUoXLw2V.jpg
/zvZBNNDWd5LcsIBpDhJyCB2MDT7.jpg,8650.0,1152.0,Transformers Collection,/vOUPHWV8aGXq4yYQ2csje5LdT6g.jpg
/a7ptPlBghCbXkLaeSro6bNXFfIe.jpg,179919.0,1159.0,Percy Jackson Collection,/fimFFNm5LTSTaYcQEbjrFXT4rgo.jpg
/AnhKboZjfeGuHI6qg7pp9RCesTF.jpg,55422.0,1170.0,Peter Pan Collection,/t0mINaIut2aDKdGseQtC7UcbRNW.jpg
/3YiTOxGX5KZO6P3eg41P50QrRhQ.jpg,100286.0,1197.0,Elizabeth Collection,/2XxIeKB6g21GvPmixWyyc9ZlLnR.jpg
/bNBqsXH8JSK2zKrYOB217G6IhgE.jpg,166381.0,1198.0,Atlas Shrugged Collection,/3xlLe50hlVU1IxEwsFPps08kTzn.jpg
/fAJgSlQ6SENfdjYiengTnoiXgK7.jpg,168182.0,1199.0,Philo & Clyde Collection,/noLaQo6CZSQ3zoBZcgpzfsLMkVk.jpg
/7J5E7u3ucpNklNKPIGHTAvgzNWI.jpg,222639.0,1201.0,Detective Dee Collection,/rHTCiaqHZbN6TJjYeq1s42LERCj.jpg
/c9mWaF2oeodriDLqYQr425sasxo.jpg,115838.0,1206.0,Escape From ... Collection,/8Zih8QGPJNXUuws0fIZmjxjs2Su.jpg
/us13Po7SYoHl9wBNVcz04t0oh7F.jpg,2366.0,1208.0,The Jaws Collection,/fgraZdDCvAtBr0MHczmL6raonHd.jpg
/qR6POAKwCL8VwuK8ZjSAdRRFNj9.jpg,86058.0,1209.0,Dirty Dancing Collection,/gkrOvdbCFuGlxVwCYmczw7aw6Ku.jpg
/7UWRq79VHc58QXTSn57UsOUKQLZ.jpg,51509.0,1218.0,Meet the Parents Collection,/WFkinadVm4NRynRKuUcaLFNIDx.jpg
/yPyhZ5OpYs68Bb8u0PZ1tH0QIgd.jpg,87118.0,1223.0,Cars Collection,/uq3N2SFj1Y06zA6LzCQPkmBdaaE.jpg
/rlDK7GYKJP9p1TAj7dIBOuJ7ehO.jpg,278920.0,1224.0,Vampires Suck Collection,/5lFDNBMJd7Yz6nXWETI8PFVqJXe.jpg
/hZMiAPeINRH0M2X1PBEgn6YdULy.jpg,41437.0,1231.0,Paranormal Activity Collection,/lYXAMmm9XlYmj5Dr4O9diLQVCJS.jpg
/6KE7AguGR3UqwUn5RkzkoBc3MLy.jpg,937.0,1238.0,The Pink Panther (Original) Collection,/xu6gZ0zGUSR8SC2QLKFaUrX2niM.jpg
/j82lEJUxFlXC35Pi75P3sAbkTUq.jpg,201576.0,1239.0,The Cabin Fever Collection,/u4SLX7S1SdBzaUzPpGWfRaEa1E1.jpg
,387219.0,1242.0,The Hustler Collection,/8kBQvshMpK76aET1hLfAxnDle5W.jpg
/qDuTIGAEbxF3jP9zNILLAoxNLpU.jpg,9518.0,1245.0,The Transporter Collection,/uakYnYtFxqjS8pjEWW9lGWmdMRz.jpg
/rDzuccVBZSyNVQ26hTRT0DvneVA.jpg,74508.0,1248.0,[REC] Collection,/jTA37dMZVUFej20EoM5SomKtnYi.jpg
/ifSnip5tvaHvxLPAyjkiihE6T2I.jpg,285564.0,1249.0,Jarhead Collection,/aRFpBjCseFD6UmahAuLdqS7Or5q.jpg
/ojjzZUQlqKTsN1T7s5OAVZSjYMH.jpg,420.0,1250.0,The Chronicles of Narnia Collection,/sh6Kn8VBfXotJ6qsvJkdfscxXKR.jpg
/2jEwMXBICqARNmhFFFDu1IvmJCK.jpg,9521.0,1252.0,Look Who's Talking Collection,/ez7hA34uLtOuGIwZvwhlpr53tXh.jpg
/9aTfczTrmq0wAEhXng0zxDsWLV4.jpg,145784.0,1263.0,The Philadelphia Experiment - Collezione,/kXOjvdLpQ3H6eICDMCsZ1wRTJfO.jpg
/bNBqsXH8JSK2zKrYOB217G6IhgE.jpg,166381.0,1264.0,Atlas Shrugged Collection,/3xlLe50hlVU1IxEwsFPps08kTzn.jpg
/iGoYKA0TFfgSoZpG2u5viTJMGfK.jpg,34055.0,1267.0,Pokémon Collection,/j5te0YNZAMXDBnsqTUDKIBEt8iu.jpg
/3Tezeh4KTsqPqFKqatjtd3cAjMk.jpg,267922.0,1276.0,The Hills Have Eyes (Original) Collection,/AbGcpZEihHoR0M7Ls2qTPX4HF60.jpg
/2Oz7EyiM9nNeP7appRFkMZNeYRo.jpg,89151.0,1286.0,The Gremlins Collection,/yiZ18XZHFNjFfEDnEkFCrHVHXcn.jpg
/nlpixhOhb3JmFqVXKjCwpYFpldf.jpg,10456.0,1287.0,Dirty Harry Collection,/bS1ioomHh2emKAZ6vWn17UZnhDx.jpg
/eYf3GRnuVCgeFQfEo0qK7ua5rCR.jpg,1709.0,1289.0,Planet of the Apes Original Collection,/r7TBDEcpBAuFoqdtUz7z2nSeFej.jpg
/jPVq82CMKAm6fKVeW2nyRC2X9Yc.jpg,221537.0,1290.0,Creature From The Black Lagoon (Universal Series),/f41TORvnRk8u9nZ834uxAzxIGuH.jpg
/us13Po7SYoHl9wBNVcz04t0oh7F.jpg,2366.0,1296.0,The Jaws Collection,/fgraZdDCvAtBr0MHczmL6raonHd.jpg
/aD4nL9HsMDU8sCEAe7wdeHMiSr2.jpg,115822.0,1297.0,Dracula 2000 Collection,/pUEwGiauaZXUKTocXmzX7GlyYD4.jpg
/c7pMKwv5NzIN6N3KM4L8fYMTtPw.jpg,9735.0,1317.0,Friday the 13th Collection,/uobgqpLQff9WvxGKE2OSvXv1RHm.jpg
/ev9QybDDzVSahJQdOb71ZuqNVAo.jpg,735.0,1322.0,Blade Collection,/ltjxGZP6aJrwjl7oOZiiZhFgkF1.jpg
/zvZBNNDWd5LcsIBpDhJyCB2MDT7.jpg,8650.0,1333.0,Transformers Collection,/vOUPHWV8aGXq4yYQ2csje5LdT6g.jpg
/9An6u5Eu7h1J3IWxlari934faJl.jpg,124188.0,1352.0,Pulse Collection,/ttm2U2EUHXO8v0qrlKVw5SW8grN.jpg
/7e6gGVQpTDKK54ByvBDjeqrm8au.jpg,166379.0,1353.0,Turbulence Collection,/zf9uc7kXnVnD75zwVYSzTdJKUUs.jpg
/hybYYwBqaomfePU3uaiJfpg7ykC.jpg,123724.0,1358.0,Dracula (Hammer Series),/n5SozLvdQZ7cYJb22ZIwNw1DzSg.jpg
/kzM0t0wok7gMsRPTxS8a0JuTcGW.jpg,386818.0,1373.0,Django - Original films,/jvzJLNcftgLV40upfMozhJRKdvl.jpg
/f069jw6rYHIWfypDjzQvODuGSz8.jpg,96676.0,1376.0,Never Back Down Collection,/2srb1k1nAPHk7lzpheLK8e76Clp.jpg
/zSEtYD77pKRJlUPx34BJgUG9v1c.jpg,107674.0,1378.0,The Princess Diaries Collection,/wt5AMbxPTS4Kfjx7Fgm149qPfZl.jpg
/hZMiAPeINRH0M2X1PBEgn6YdULy.jpg,41437.0,1388.0,Paranormal Activity Collection,/lYXAMmm9XlYmj5Dr4O9diLQVCJS.jpg
/maHMw00WEuUzi4hoXxXQAGLntfH.jpg,404825.0,1393.0,Wreck-It Ralph Collection,/aa0D0ssoQWTrvTYhwDsRNVc4DQk.jpg
/zGoePWKFLVJlxDWUUJhxSQgmkCa.jpg,270252.0,1394.0,Planes Collection,/tvzKXcXiJuUwOlni9MV00LCtqNm.jpg
/t5zZZOvXK8m5z1omMdEEWcL6ywl.jpg,4563.0,1396.0,The Vengeance Collection,/ilyS5xmHzMtTq4ngVRNKvZEbSRo.jpg
/tkoEC5mLB1lyGiIejCRgulYaeLf.jpg,436295.0,1397.0,Surf's Up Collection,/7h8x4evTAlErpv7OQwCLpS0KLXm.jpg
/7TIT28YbhAOeQGD2q2hJ9j83jI1.jpg,93220.0,1402.0,Miss Congeniality Collection,/wgQWsSsvB1iu1Pwc4nUP9E5bRzs.jpg
/u0kYMfyYCEKuWvf3zZLorEhUKzR.jpg,17368.0,1404.0,The Sisterhood of the Traveling Pants Collection,/kq1Hu7CmNyKJ5XTW5BK9yqOlQfi.jpg
/c7SHTYbGPb3DzO484z0aYFx5u0q.jpg,122776.0,1407.0,Kvartet I Collection,/rleIVHx2kG8lYfHUsBh3CkD4Jnc.jpg
/la0EhOrgVAiY8sf3ILz3wgoaNXH.jpg,8537.0,1426.0,Superman Collection,/fgTdu62v1jjNDPh68V9TJZMgXbo.jpg
/muZrPdBs937VAx03Giw66x1XGus.jpg,495.0,1427.0,Shaft Collection,/z6UFfaPSYIEMZGxiNGuy881hcsH.jpg
/p7g6oUYWhKS1TmLo4xBMnDNcsGh.jpg,239766.0,1431.0,The Klapisch Trilogy,/woD0gFHbZgwi9RpLL0uSQ56hnJA.jpg
,164397.0,1439.0,Class of 1999 Collection,
/y3aWOInifbGKXM34KjtcMITrZRZ.jpg,8864.0,1440.0,Final Destination Collection,/mZUyhsfIthTl5rfdeSox702Ircr.jpg
/bPQZkZjNnsYuPZWzoRRl9k0VSQ8.jpg,119674.0,1441.0,Psycho Collection,/29pDqAgmb4idzWzuZncoT7LZplA.jpg
/6VIGk6OIqlKWrb4rjTvDklBfv1n.jpg,46512.0,1444.0,Missing in Action Collection,/t1pfgb8r4Kx3qLN4H8vDZdfD50R.jpg
/qNRyB22N3Y6aGii099by5I51KDJ.jpg,124951.0,1456.0,Mannequin Collection,/tHUiRPu9PmsgDEa4j22fjWHjFkW.jpg
,107473.0,1465.0,Ирония судьбы (Коллекция),/1DzMfdobDqF67PhAtLiECqLbsqV.jpg
/nYLhKt0AdNr9IYT2K7p0U3HDY8k.jpg,3106.0,1466.0,World of Watches Collection,/5k6kkMpPCDqelJ2X1RABHCbstE6.jpg
/fXVzk9OxQwROCuiWvd0Cv76qmZi.jpg,399.0,1468.0,Predator Collection,/6Z7lASptoiRVxiCFvZaFgH9qp7u.jpg
/7w8qHVqkc2y9GyBrSCUXHASXjt6.jpg,122123.0,1471.0,Three Heroes Collection,/aH6Y1srPOtl2djeJEoOyYNF2vNW.jpg
/aef15QAJ8Kxbh8W5zXqJb1f9Vhw.jpg,9328.0,1473.0,Free Willy Collection,/3M2Q9ZDTyFBfi3ohz2gizFmnoL0.jpg
/AbTHMNaeUO8rUcRZf5J6MRfZE6v.jpg,402074.0,1474.0,Annabelle Collection,/zJfExJWUgugWziREAikeAW69poY.jpg
/a7ptPlBghCbXkLaeSro6bNXFfIe.jpg,179919.0,1478.0,Percy Jackson Collection,/fimFFNm5LTSTaYcQEbjrFXT4rgo.jpg
/b70mFgsSn2hl3CvC0nRx0SHUEX0.jpg,30663.0,1482.0,Harold & Kumar Collection,/9OBP4MQBAXnBZ1uXLZykIWRGnBb.jpg
/6ZPtYW6h1M4K3URZMr7ZBgmTv8N.jpg,106784.0,1489.0,Love in the City Collection,/xhRO4HSdJv2i5MQIW8nt6PC3JWK.jpg
,117927.0,1494.0,House of the Dead Collection,/jZiLJV1yUez60J361t8fN2zDMEu.jpg
/nRfDTqIuaVLu2aB0qFuSmw8btp0.jpg,1974.0,1498.0,The Grudge Collection,/dohOSIYDEK42stdfKo0pQfrve0h.jpg
/8utTJ9WoQeYcZ0Ztciv6auqwLXl.jpg,17255.0,1499.0,Resident Evil Collection,/bqnMPsZr9vhjJIwLxc3XzHkYORM.jpg
/ejgCF5HlsM3FwxdgzdoEJ7tFN3C.jpg,473843.0,1500.0,Stake Land Collection,/xAwBPbxAlDnSqhHoDNGNXcsTpIO.jpg
,86224.0,1511.0,The Saint Collection,/3dliYexStkZy6NOAH533Y8oduOj.jpg
/9FBwqcd9IRruEDUrTdcaafOMKUq.jpg,10194.0,1512.0,Toy Story Collection,/7G9915LfUQ2lVfwMEEhDsn3kT4B.jpg
/4JASyGk5suaz4xwMp6irzg334k6.jpg,357173.0,1515.0,Sinister Collection,/uun1SgzxdQx9YIPyepoLE3ePxQh.jpg
/g4aK8Up5zSegesJdMYbxDcndn20.jpg,115225.0,1518.0,Children of the Corn Collection,/v6auJblMcNxUmZx23mQXMHmzyY3.jpg
/tJqD18aCja9kNpZ1W2r5gZK2qdq.jpg,33071.0,1521.0,Cheech & Chong Collection,/mI9ggvzjaDIGN1qcrM9fvATHVmZ.jpg
/pRjYboGyfjO5PkY7Rdg21s4FhoI.jpg,19285.0,1528.0,Leprechaun Collection (Original Series),/kdnaM7K8T8oXwWk2QdiWEs8Zg2w.jpg
/wJueJlh2mzbZYkjgR7jNBDfIXG6.jpg,115840.0,1543.0,Would I Lie to You? Collection,/zHNB1c9ABRWhMknTuUXvz2XtV9B.jpg
/mvcfPkOvgDJG2lEAxTz0NKqoQLo.jpg,89137.0,1551.0,How to Train Your Dragon Collection,/nJ7ud7XWnNCnGfRQUkUp2t17Sq3.jpg
,314023.0,1555.0,Hercules (Lou Ferrigno) Collection,/8u0CHePdPsVPFzDYhZLXtacKl51.jpg
/wZCWCe4jPJz04dvVGLQ8TtOq9Js.jpg,1657.0,1558.0,Zorro Collection,/ziQDmVR3VE0hC0GDWgaQwz0H3Ff.jpg
/kdxXEiS3sDB7pvQapiqiTRbwkKr.jpg,87186.0,1564.0,The Boondock Saints Collection,/u4hp2I1DgWw2ZnkX2VTZDixGP87.jpg
/pI2EqYQCzCRnrpiFHl8rrGp1qW9.jpg,9332.0,1570.0,Crocodile Dundee Collection,/uFYcjCVfr5lsDnWliBWuHgWXgw.jpg
/8YIec6FKfOHn9uw7MMH1200wbyK.jpg,97460.0,1571.0,Lady and the Tramp Collection,/fvk72hTShONXVDDSdoTEVm7DJh0.jpg
/fYMsCXEMguNlSORJIHydfBgOnty.jpg,179892.0,1579.0,Kick-Ass Collection,/2UzHizIS6Z87ocDdY4TALPj1EqD.jpg
/46G7BAqK6LDAxIFVLq926rzN65o.jpg,96677.0,1580.0,Red Cliff Collection,/3KFgWRuNk3d9QGCnQUXKJSsfrLC.jpg
,3292.0,1582.0,Tulse Luper,
/gY5NPUGGJJdaGPlEM6f2pfHNtit.jpg,8050.0,1588.0,Highlander Collection,/mNIXoyFicGseg9NoG3NHKZolKze.jpg
/7tMlGUiAGrryUimeKDnECC9mWEZ.jpg,123932.0,1595.0,Quarantine Collection,/Aa0hh5DGedQPdFs2e43uRzqXw50.jpg
/QtSxEuCwcZSfCTMZfER3nHDVsG.jpg,453993.0,1599.0,The Wolverine Collection,/8Ht4a5A5Ypxh0PjbVoRTzm1kAu3.jpg
/cPNJRFgk1EtdqUAOSZ5gPigj741.jpg,221622.0,1604.0,12 Rounds Collection,/l1TBw4KOSWAxYM3RwRFFGq8VG69.jpg
/kB0Y3uGe9ohJa59Lk8UO9cUOxGM.jpg,8091.0,1609.0,Alien Collection,/iVzIeC3PbG9BtDAudpwSNdKAgh6.jpg
/zDPoIqkC0SGWCQrcKyJpZJZEF1E.jpg,248339.0,1615.0,House on Haunted Hill Collection,/caGBw1s6C1Fxl8We4fDTmhBnJNk.jpg
/cGaVuq8ZjX1UPD9wPRlzx6lP9kK.jpg,86116.0,1626.0,Death Race Collection,/uffHLg0ekFlErCp7OkpecXkWPng.jpg
/islbdTICsxPE1c3YEFzEc9Wb46p.jpg,155474.0,1629.0,French Connection Collection,/zheN2WhCSS1M8rkjObQGr0dZdvZ.jpg
/zvZBNNDWd5LcsIBpDhJyCB2MDT7.jpg,8650.0,1631.0,Transformers Collection,/vOUPHWV8aGXq4yYQ2csje5LdT6g.jpg
/7w8qHVqkc2y9GyBrSCUXHASXjt6.jpg,122123.0,1633.0,Three Heroes Collection,/aH6Y1srPOtl2djeJEoOyYNF2vNW.jpg
/iGoYKA0TFfgSoZpG2u5viTJMGfK.jpg,34055.0,1634.0,Pokémon Collection,/j5te0YNZAMXDBnsqTUDKIBEt8iu.jpg
/w4h6gjdWPvmu5R9H6zeGDPo1ZuV.jpg,1575.0,1635.0,Rocky Collection,/mCY5dMkSSFQufGCViI6jNUU6pXq.jpg
/2y42CZ6LTtpJKYRf0dUEFQ13W9f.jpg,102019.0,1639.0,Death Note Collection,/jh35G1kYbqEOddhxny6KmRHc9FI.jpg
/mdG3H2w9Ktc2Ua6tJie3eUE8Zte.jpg,88735.0,1640.0,K-9 Collection,/moEkdT6SE1HxR9QHwor6DJX8NYe.jpg
/6VcVl48kNKvdXOZfJPdarlUGOsk.jpg,645.0,1643.0,James Bond Collection,/HORpg5CSkmeQlAolx3bKMrKgfi.jpg
/eQ8iwAvGfuNnPjBCKTIVp5PsFw.jpg,295130.0,1644.0,The Maze Runner Collection,/beR71cbwXH0vySlTMPZo0GQ54Q9.jpg
/5qbfJzkMAUkFxcVo0dqnTRmpUoh.jpg,269098.0,1652.0,Police Story Collection,/zF4gP4w1xxM7jDKLjTDK3ixkkms.jpg
,240690.0,1663.0,Billy Jack Collection,
/xfKot7lqaiW4XpL5TtDlVBA9ei9.jpg,263.0,1674.0,The Dark Knight Collection,/bqS2lMgGkuodIXtDILFWTSWDDpa.jpg
/e5GwLq0zBer3SuSJZodcNROnT6Z.jpg,64750.0,1680.0,Blair Witch Collection,/qDQuKJZYLHrs1Ej64tYYFooFxc1.jpg
/tx3cY0yY2xWIT1shMOTOLJH8Nx4.jpg,159616.0,1704.0,East is East Collection,/aCRRl0LNpFgkwyW66OlcdfwVUs3.jpg
/mepJpyqVtD6P65vgCU1ngGFEjs5.jpg,173710.0,1716.0,Planet of the Apes (Reboot) Collection,/qQrEMycfVN2gRlKTLWGn0QdOnSk.jpg
/azQScQWHpz5puIV4YeCcqgiT9Tn.jpg,5547.0,1718.0,RoboCop Collection,/foJBQb9oEOH0mGh77tXyoxXCfzU.jpg
/o32F4wuQJPBnP5FVkOGP9DxGYJI.jpg,86307.0,1721.0,Cocoon Collection,/qKtNXCcY3DMJ8T7cs47yDwpU5fT.jpg
/i36Ufc9CmjwpcfUaQv1YgifPyhF.jpg,280504.0,1723.0,Mechanic Collection,/rYW2tVlAwa53xR57ipFytzYhrxq.jpg
/aabPyPAA6E8hJ7tUipwunr3Itzb.jpg,86024.0,1726.0,Legally Blonde Collection,/kupFjC97HLSqG5CX47NsTJNEyAs.jpg
,419784.0,1733.0,Masti Collection,
/c9C9Pg2QctyjZHRmS0P8rZg1OTA.jpg,264.0,1735.0,Back to the Future Collection,/UV8VEgAxgKVnCVnZhFACmhxjE4.jpg
/pJjIH9QN0OkHFV9eue6XfRVnPkr.jpg,328.0,1736.0,Jurassic Park Collection,/qIm2nHXLpBBdMxi8dvfrnDkBUDh.jpg
/ykT8iDLI2kID4zD0KLWzZjBFQVt.jpg,409343.0,1737.0,God's Not Dead Collection,/Pe7qLt83hZbjWGOBJukmDn8Kve.jpg
/AmlJVxC6M1BfZgpgtuBoTg1Jwqq.jpg,10721.0,1743.0,Mimic Collection,/oKG4cGU0hw6ONVyjrS2qECQinrg.jpg
/cpmbkwSxZnKO69V82A9a34tvk2E.jpg,528.0,1746.0,The Terminator Collection,/vxiKtcxAJxHhlg2H1X8y7zcM3k6.jpg
/vA5xMglyZv7yzDTj1qUTU4OvelV.jpg,31562.0,1760.0,The Bourne Collection,/lTfOZ25PhQkmGb5NHmaFnwB7b13.jpg
/z5A5W3WYJc3UVEWljSGwdjDgQ0j.jpg,9485.0,1762.0,The Fast and the Furious Collection,/mCkqJf4ijbNoBWvJ0RTWZJuhJUA.jpg
/9DA9dxRE0fRlpl4amBmLCjQdZay.jpg,286904.0,1770.0,Ultimate Avengers Collection,/kUCn2BUhItvzyirayEiv83XNHW8.jpg
/2pRLc3z0jE1WkFJLCZyITtYjo08.jpg,173344.0,1778.0,Qatsi Collection,/AlE6QJc87zH5vYw6AI779ywRZG6.jpg
/QtSxEuCwcZSfCTMZfER3nHDVsG.jpg,453993.0,1784.0,The Wolverine Collection,/8Ht4a5A5Ypxh0PjbVoRTzm1kAu3.jpg
/kB0Y3uGe9ohJa59Lk8UO9cUOxGM.jpg,8091.0,1789.0,Alien Collection,/iVzIeC3PbG9BtDAudpwSNdKAgh6.jpg
/r4Ov7P8OADcOxfpuDujoJl2Cqry.jpg,439053.0,1793.0,Brooklyn Cigar Store Collection,/bgiPsYjbjbRFmEeUfYlp8ZDBVJJ.jpg
/bPQZkZjNnsYuPZWzoRRl9k0VSQ8.jpg,119674.0,1799.0,Psycho Collection,/29pDqAgmb4idzWzuZncoT7LZplA.jpg
/9wLsZPhI7ZafO4fh1MhwCjvkclN.jpg,24761.0,1800.0,The Millennium Collection,/sLeE5pwX9cle1v1TpBylT9MeYJ2.jpg
/cpmbkwSxZnKO69V82A9a34tvk2E.jpg,528.0,1812.0,The Terminator Collection,/vxiKtcxAJxHhlg2H1X8y7zcM3k6.jpg
/d8duYyyC9J5T825Hg7grmaabfxQ.jpg,10.0,1819.0,Star Wars Collection,/ghd5zOQnDaDW1mxO7R5fXXpZMu.jpg
/1zIwt7gUyxKhOKYXN5XNGdGxwHg.jpg,111751.0,1826.0,Texas Chainsaw Massacre Collection,/lxYgt4gS4CEvfC2ZCa83IiOsOiu.jpg
,463394.0,1828.0,Always: Sunset on Third Street Collection,
/gzj0bdcB3zZ6u5JSfFBd2TRCcAz.jpg,138908.0,1830.0,2 Days In... Collection,/ffwnytEmZsWSZmb8BH7BblRVBfR.jpg
,107467.0,1832.0,Самый лучший фильм - Коллекция,
/bu33EKctcBJvN5KHR780lWQkyJd.jpg,47770.0,1836.0,Phantasm Collection,/xqgAkKmQRrk0UaIbWMak4RRSQm7.jpg
/6VcVl48kNKvdXOZfJPdarlUGOsk.jpg,645.0,1839.0,James Bond Collection,/HORpg5CSkmeQlAolx3bKMrKgfi.jpg
/gxO7v1S7hInpRI24fH8yhu0DBXd.jpg,476065.0,1840.0,What the Bleep! Collection,/ngXUKFlQ66UqORHoUlLJEmGRCma.jpg
,105322.0,1846.0,Kickboxer Collection,/frOnbHEHWISXBC43wjsrBGOhqGJ.jpg
/hSMhHSKOXLe0VGiDSbTwBbX55xv.jpg,52760.0,1852.0,Urban Legend,/xhxs9fukHkkFgVcdoWKViiqduLo.jpg
/o8NBfffQPE9tHTR9l7FuWbdVPHu.jpg,63043.0,1857.0,TRON Collection,/cvFlDIfOwhYe4ouAAfdyq9E5zlZ.jpg
/nZSYqitBkAvmoq5IrsGsSWuhSC8.jpg,131295.0,1862.0,Captain America Collection,/2tOgiY533JSFp7OrVlkeRJvsZpI.jpg
/hgi9EeU50KFhv9pCDmJyx4VLp5G.jpg,12087.0,1863.0,Herbie Collection,/uFvt8t7HlB6BzjiJDU6ea1eI28L.jpg
/aj598PG0VipBkiQXtikXdX5jRR4.jpg,86860.0,1865.0,Scooby-Doo Collection,/YAuhbJKSG1R42QHJmbGsNQ80Fd.jpg
/aahejNK1UOMWT2FNGOjgQDvczE.jpg,33938.0,1870.0,Airport Collection,/yDnEIOmCgPZJ55d8WeRjlgqgi78.jpg
/g54JU2Bn4EFezsawnI7ccpAzPC7.jpg,2980.0,1872.0,Ghostbusters Collection,/zsSnQq4lGocDkqsrdVUTNNjZz7R.jpg
/7J5E7u3ucpNklNKPIGHTAvgzNWI.jpg,222639.0,1874.0,Detective Dee Collection,/rHTCiaqHZbN6TJjYeq1s42LERCj.jpg
/Abnosho2v3bcdvDww6T7Hfeczm1.jpg,748.0,1881.0,X-Men Collection,/1Zo4J5SAni8lyXt7NxJwJZ0f0ip.jpg
/kpY6iMfKkssuD1WObzoGSIeMguY.jpg,454520.0,1884.0,Captain Harlock Collection,/z0NsZNauyNM1ZKj3FCfJvZoSwSA.jpg
/1MMTGpmm0E9yXRTNyW0YebAs66S.jpg,123213.0,1896.0,The Fly (1958 series),/if9PkF46yCeMp9WTYhUOjxnytAt.jpg
/kyIUMRJHxH2Al3nFNxN63Hnin2p.jpg,222634.0,1908.0,Tooth Fairy Collection,/2P7Ua3qTgM5COjBfdBV0614wXaw.jpg
/6VcVl48kNKvdXOZfJPdarlUGOsk.jpg,645.0,1909.0,James Bond Collection,/HORpg5CSkmeQlAolx3bKMrKgfi.jpg
/hZMiAPeINRH0M2X1PBEgn6YdULy.jpg,41437.0,1922.0,Paranormal Activity Collection,/lYXAMmm9XlYmj5Dr4O9diLQVCJS.jpg
/uM6lHfySQ5sQEuUyMxKdtxsp3CQ.jpg,50457.0,1925.0,Sex and the City Collection,/o3e5Im6iL5tksRBsIS8TnxQK0uv.jpg
/6VcVl48kNKvdXOZfJPdarlUGOsk.jpg,645.0,1927.0,James Bond Collection,/HORpg5CSkmeQlAolx3bKMrKgfi.jpg
/y3aWOInifbGKXM34KjtcMITrZRZ.jpg,8864.0,1929.0,Final Destination Collection,/mZUyhsfIthTl5rfdeSox702Ircr.jpg
/qKuR7BpBLTcISNWgxKQmXnYYJFX.jpg,124949.0,1934.0,Almighty Collection,/Abh0z1zf7yYoH8sGLvMIvdNG6gA.jpg
/qD0rip0E8EcRcjCPcdu5wUknLZJ.jpg,351684.0,1935.0,The Flintstones (Live-Action) Collection,/v70Luw2mGhib4s0Osw7Ux8rQgBt.jpg
/i4Jai1IlkbOWd8eNFM0S1lupyLt.jpg,112636.0,1937.0,The Blues Brothers Collection,/pQf9LzCokihzlLmgQlPG7yBpZ1o.jpg
/6VIGk6OIqlKWrb4rjTvDklBfv1n.jpg,46512.0,1940.0,Missing in Action Collection,/t1pfgb8r4Kx3qLN4H8vDZdfD50R.jpg
/ttaiuuOHjYLTszcbADBZImqRK5H.jpg,103577.0,1944.0,The Whole Nine/Ten Yards Collection,/m6tkyCcOm4wzklAvsT0jyaM5mgY.jpg
/97vU4Y2bBmoJ3Mwi3uOAL8ahdUC.jpg,10919.0,1945.0,The Omen Collection,/5De8Hqq0z9gmDM7SbWU0C5pTjPC.jpg
/w4h6gjdWPvmu5R9H6zeGDPo1ZuV.jpg,1575.0,1958.0,Rocky Collection,/mCY5dMkSSFQufGCViI6jNUU6pXq.jpg
/QtSxEuCwcZSfCTMZfER3nHDVsG.jpg,453993.0,1973.0,The Wolverine Collection,/8Ht4a5A5Ypxh0PjbVoRTzm1kAu3.jpg
/9G3CBEg7QlQ9MQcNgA5IwcghNYO.jpg,25410.0,1979.0,The Art of War Collection,/8VJpn8DZwZvKnyA3HBfQfjGKupG.jpg
/1oCPXe4e0VHZTJX4nLkvxzayXK9.jpg,70068.0,1980.0,Ip Man Collection,/iXhYIEUNoYXeq3XiNasMAcThHMU.jpg
/la0EhOrgVAiY8sf3ILz3wgoaNXH.jpg,8537.0,1983.0,Superman Collection,/fgTdu62v1jjNDPh68V9TJZMgXbo.jpg
/6qmmSdJVwwV7PiusjfzPNZGQmOC.jpg,20970.0,1990.0,Sarkar Collection,/pTP8esjlXhAo6I6EMgCcysBKUgf.jpg
/mmxf1sOe2T1sma0tH0TgTdcit1p.jpg,91361.0,1991.0,Halloween Collection,/2uqHV6YcD9jEL2WuJYjXiiuRDqd.jpg
,105322.0,2002.0,Kickboxer Collection,/frOnbHEHWISXBC43wjsrBGOhqGJ.jpg
/mzFtvzOdmuDYoQQuOzulsJkAUQB.jpg,94899.0,2003.0,Jeepers Creepers Collection,/2qyn3GJXqLP54fbWazRGvsnkmAA.jpg
/vnpcoCTZhg1EdEog1kAS0pklx1o.jpg,9887.0,2004.0,Species Collection,/t5J0JH1L8L7CmtC3sL3K2ybgTbE.jpg
/9VM5LiJV0bGb1st1KyHA3cVnO2G.jpg,117693.0,2007.0,Balto Collection,/w0ZgH6Lgxt2bQYnf1ss74UvYftm.jpg
/vtM7Cxm7TUAWeZH2qfrbszZCnpQ.jpg,416491.0,2010.0,Major Korenev Trilogy,/3olGvGn88TvfB7NCyJge5Ivwus5.jpg
/9BQj9hq0aK6yM9Tm2NJ28jg572y.jpg,151.0,2012.0,Star Trek: The Original Series Collection,/zcB8KxHA4EapOoZZPAvwgmE1iGK.jpg
/qPRZ1HpvpPM81cBTwNKXlqtH9MT.jpg,4246.0,2013.0,Scary Movie Collection,/nsD3xlHagixzVYaE57EESeVYro7.jpg
/jdyyjulTBU8YUYAUvQFj6U1g2Pj.jpg,284433.0,2019.0,Guardians of the Galaxy Collection,/iL8mukexAqEg0xK783rG561tdd8.jpg
/cziWkSXQG3Vul0l3Mu2sOXLS1dC.jpg,64751.0,2025.0,Crank Collection,/wmUzRqcAi0KOW7sqnaAvEQtM8l.jpg
/znX4o1qtkut4IeprwfEk8uluc4p.jpg,91945.0,2027.0,American Ninja Collection,/5cbm8oJR0QlUOxWnSvt3HkcZhb7.jpg
/AAhYXBVIEl6WgQnzfBsauTIC25.jpg,10455.0,2030.0,Child's Play Collection,/50aqbDvbOtdlZrje6Qk4ZvKM7dM.jpg
,281644.0,2031.0,Rocky Horror Collection,/av74GpX6RjxQxPqWm1Hkcbc7dAE.jpg
/sEKYBSwZFFppJ5GmEVxsECr7ilR.jpg,52783.0,2039.0,Wall Street Collection,/dmGQDIrfvmr5rahYcVhpS2xx6oy.jpg
/8utTJ9WoQeYcZ0Ztciv6auqwLXl.jpg,17255.0,2043.0,Resident Evil Collection,/bqnMPsZr9vhjJIwLxc3XzHkYORM.jpg
/mMN1S9UkPntpgD5NkzUqzPDCyMn.jpg,272673.0,2055.0,Cat People Collection,/boK1NQVpce9PS2K7pK0ARA6MCor.jpg
/wMtKE8b0iBt0fZF28vcUiA7ghVt.jpg,134897.0,2059.0,The Smurfs (Theatrical) Collection,/m5p3J2GVAWkHc5UW7mDGXCt7nO7.jpg
/jPTbJp1601vLu27WhyjhpVk8w0h.jpg,2602.0,2062.0,Scream Collection,/3DjOcwfd8cTcKBkWTcNntAZajEg.jpg
/vA5xMglyZv7yzDTj1qUTU4OvelV.jpg,31562.0,2063.0,The Bourne Collection,/lTfOZ25PhQkmGb5NHmaFnwB7b13.jpg
/4Y5IXrcWuK1wA3PbeNU5y6Qd3zF.jpg,374511.0,2069.0,Godzilla (Heisei) Collection,/A25nYpiBlYlGdJSuAfN9oJ9Li39.jpg
/6KE7AguGR3UqwUn5RkzkoBc3MLy.jpg,937.0,2071.0,The Pink Panther (Original) Collection,/xu6gZ0zGUSR8SC2QLKFaUrX2niM.jpg
/6p1OzuIKWnTDfDea7IpB9xra5J.jpg,9649.0,2081.0,Mexico Trilogy,/qmPhILSFQKaRyc81mVJWl05tHai.jpg
/vNqeD5ECuhb7FdQiOPCjeI23YK2.jpg,97771.0,2082.0,Major League Collection,/u4XZNh1jdUsetzQ9XjUQGMgIsdM.jpg
/lyZWcLYvqRbo4emD8mQpBIirtBr.jpg,476054.0,2085.0,The Hitcher (1986) Collection,/9GgPZiVFCdN7CkAbEb9fp950Ka5.jpg
,168186.0,2093.0,Witchboard Collection,/qLSZTs14REiR9ZEfV2IOYS6viIZ.jpg
/cnKAGbX1rDkAquF2V1wVkptHDJO.jpg,295.0,2098.0,Pirates of the Caribbean Collection,/zT5UKFhq9nk97VGlBbAxlAK8UFN.jpg
/c7pMKwv5NzIN6N3KM4L8fYMTtPw.jpg,9735.0,2100.0,Friday the 13th Collection,/uobgqpLQff9WvxGKE2OSvXv1RHm.jpg
/bswWgdDsLu0fhWMYUzLF8XgiK4h.jpg,3167.0,2104.0,Ace Ventura Collection,/qCxH543pScFed1CycwJ1nVgrkOc.jpg
/jXlFymc442CEMB5h3d62GeJefnW.jpg,14563.0,2109.0,The Ring Collection,/500xj7l72BojMZ3tNBJY46tg5YJ.jpg
/6VcVl48kNKvdXOZfJPdarlUGOsk.jpg,645.0,2112.0,James Bond Collection,/HORpg5CSkmeQlAolx3bKMrKgfi.jpg
/w5GjGycHi5EOfPx2JSMshCN7OJn.jpg,386534.0,2122.0,... Has Fallen Collection,/kM0U7nzdSepUkC6sOvVrqZkdFk5.jpg
/75mSNcKIkfZSjXDgytC8UFe6vBl.jpg,43064.0,2126.0,Speed Collection,/9poztwq7SXjEETRdWXcJsl58kxV.jpg
/jdyyjulTBU8YUYAUvQFj6U1g2Pj.jpg,284433.0,2127.0,Guardians of the Galaxy Collection,/iL8mukexAqEg0xK783rG561tdd8.jpg
/bYM1XFABSpy0QtAEzr7dks8QRWY.jpg,87014.0,2128.0,Cats & Dogs Collection,/mm56m8wd2BBm94FwlelT2fNl6n1.jpg
/qPRZ1HpvpPM81cBTwNKXlqtH9MT.jpg,4246.0,2131.0,Scary Movie Collection,/nsD3xlHagixzVYaE57EESeVYro7.jpg
/weBIyv0mOydPd0GYJl9iDR3RscM.jpg,390096.0,2133.0,Hitman Collection,/3wYKmCgRmpHQsJAbfGM0axs3gos.jpg
/uBNNmICsBnLhB2zhQ8PpwoluoYR.jpg,109608.0,2135.0,Van Helsing Collection,/kuqxOT5Ox7mrHUSvwuDCJG6tuRL.jpg
/cnKAGbX1rDkAquF2V1wVkptHDJO.jpg,295.0,2136.0,Pirates of the Caribbean Collection,/zT5UKFhq9nk97VGlBbAxlAK8UFN.jpg
/RhpI828r9EKPV4x0pyHiqCDZDQ.jpg,9338.0,2137.0,Police Academy Collection,/1VRdXVy2FYlX4EtllnLKWK6kYDJ.jpg
/eYf3GRnuVCgeFQfEo0qK7ua5rCR.jpg,1709.0,2139.0,Planet of the Apes Original Collection,/r7TBDEcpBAuFoqdtUz7z2nSeFej.jpg
/jwevUd9BsWY9QTJZL5bFjWPoyqZ.jpg,110021.0,2143.0,The Magnificent Seven Collection,/qI64OS0Mqloq3wm1x4TWxXEDnVQ.jpg
/jCXId2VCkC4NMfQwSzzWOS6Uld1.jpg,177675.0,2144.0,The Last Exorcism Collection,/qHW7u9UxFLbKypwkvkE6rpBftn7.jpg
/36RmiFNEbyfTOF3GG17rOyv4XGD.jpg,264338.0,2148.0,Rosemary's Baby Collection,/yP9DnKsSGcEuHJktQYotND6dsgJ.jpg
/G6JKl9hOeErWUw6fO7PAfBOzAn.jpg,44979.0,2150.0,Big Momma's House Collection,/nudrKU6mwJOMtZIIyr2fKO1NcDt.jpg
/2Oz7EyiM9nNeP7appRFkMZNeYRo.jpg,89151.0,2162.0,The Gremlins Collection,/yiZ18XZHFNjFfEDnEkFCrHVHXcn.jpg
/1zIwt7gUyxKhOKYXN5XNGdGxwHg.jpg,111751.0,2164.0,Texas Chainsaw Massacre Collection,/lxYgt4gS4CEvfC2ZCa83IiOsOiu.jpg
/uEtsf26a9RsRDy85MOIv1xAj44x.jpg,86119.0,2168.0,The Hangover Collection,/aMmNLuyXvdBih1R5RRHtdtNaS6N.jpg
,264914.0,2172.0,Eye of the Dolphin Collection,/fHB0jPZCMTdc03vG0sQFpJnDjg9.jpg
/9BQj9hq0aK6yM9Tm2NJ28jg572y.jpg,151.0,2173.0,Star Trek: The Original Series Collection,/zcB8KxHA4EapOoZZPAvwgmE1iGK.jpg
/p7g6oUYWhKS1TmLo4xBMnDNcsGh.jpg,239766.0,2177.0,The Klapisch Trilogy,/woD0gFHbZgwi9RpLL0uSQ56hnJA.jpg
/RhpI828r9EKPV4x0pyHiqCDZDQ.jpg,9338.0,2182.0,Police Academy Collection,/1VRdXVy2FYlX4EtllnLKWK6kYDJ.jpg
/1oCPXe4e0VHZTJX4nLkvxzayXK9.jpg,70068.0,2193.0,Ip Man Collection,/iXhYIEUNoYXeq3XiNasMAcThHMU.jpg
/3uFYlHmUZtEGBiwdxtSlphbmfjK.jpg,87800.0,2194.0,Appleseed Collection,/AoM1NzRnSpo6VtIs3wpzKUSObUX.jpg
/9SpZvXLZDGGtFqVDByGqSGI64Kw.jpg,120794.0,2201.0,Batman Collection,/adQxUvQW8HXNsvMG5aj71pHh9T.jpg
/coqZkrXTcqtDBcaQRpCGwcGsh6Y.jpg,126166.0,2209.0,The Delta Force Collection,/xt10SGPh35qrXrpWikFlVNRNZ7i.jpg
/cnKAGbX1rDkAquF2V1wVkptHDJO.jpg,295.0,2210.0,Pirates of the Caribbean Collection,/zT5UKFhq9nk97VGlBbAxlAK8UFN.jpg
/b5zCX85EvJpizJzA2WaQmkd6DN6.jpg,158391.0,2225.0,The Apu Collection,/kDZJiqL5bCWsbdw2WFqwQoYLUhj.jpg
/z5A5W3WYJc3UVEWljSGwdjDgQ0j.jpg,9485.0,2228.0,The Fast and the Furious Collection,/mCkqJf4ijbNoBWvJ0RTWZJuhJUA.jpg
,44976.0,2240.0,Dhoom Series,/qc1R0oO2tb7TFPiql7Aq6QoDwJp.jpg
/y0UVHxtgIT1TtArCibBtk7wKnfT.jpg,219691.0,2241.0,I Spit on Your Grave Collection,/twoKFP4fjfOReWw8U13P39cj8xG.jpg
/6VcVl48kNKvdXOZfJPdarlUGOsk.jpg,645.0,2242.0,James Bond Collection,/HORpg5CSkmeQlAolx3bKMrKgfi.jpg
/vURYjEnOd8if3juhZh6HRcTJs7T.jpg,210006.0,2248.0,Machete Collection,/7kN9MY7htPG0sI598VJK2pB6zEs.jpg
/8utTJ9WoQeYcZ0Ztciv6auqwLXl.jpg,17255.0,2249.0,Resident Evil Collection,/bqnMPsZr9vhjJIwLxc3XzHkYORM.jpg
/kPfuozrsE7pmFFolkR0xFicZDJT.jpg,397842.0,2253.0,The Amityville Horror Collection,/8uCu7d43IHPwFfNS2qCyVuRP1cP.jpg
/3ptXtaqzAZlMXn3nZxaYke4anmK.jpg,2806.0,2270.0,American Pie Collection,/twY1eM88fu8CCGVtem5ItlrgeDA.jpg
/w5GjGycHi5EOfPx2JSMshCN7OJn.jpg,386534.0,2275.0,... Has Fallen Collection,/kM0U7nzdSepUkC6sOvVrqZkdFk5.jpg
/nV090IHp1kG5oMgDCmGSYAwkN8D.jpg,286038.0,2277.0,Dead Snow Collection,/qhvXYMyPWcFeOsoO4EqOS8T9lwI.jpg
/36PCFtfaB4SNHVaeGZbMiMkchaT.jpg,179244.0,2283.0,Pee-wee's Collection,/m806SvjQ9b6FPFEzS2ODG6lbXqk.jpg
,376863.0,2301.0,This is England Collection,
/7XNGejHMPhWpniAmXmDUslXXcwC.jpg,210303.0,2307.0,Rebuild of Evangelion,/9PYc1kLfWTjIWNgFcEpqSOn8MU3.jpg
/zvZBNNDWd5LcsIBpDhJyCB2MDT7.jpg,8650.0,2323.0,Transformers Collection,/vOUPHWV8aGXq4yYQ2csje5LdT6g.jpg
/hBQOWY8qWXJVFAc8yLTh1teIu43.jpg,448150.0,2327.0,Deadpool Collection,/30c5jO7YEXuF8KiWXLg9m28GWDA.jpg
/eyKpawn8yMq6kdv03wgKruMuSJX.jpg,142680.0,2329.0,Alex Cross Collection,/64mlnEVoq1I0BZe4iDdAv89qO9Z.jpg
/6VcVl48kNKvdXOZfJPdarlUGOsk.jpg,645.0,2334.0,James Bond Collection,/HORpg5CSkmeQlAolx3bKMrKgfi.jpg
/ldGGb98U7ytidfLHY5wKazeB6MO.jpg,87220.0,2337.0,Smokey and the Bandit Collection,/XYTaoh3qo6gYvJ8UAtnY9icY2Z.jpg
/hSMhHSKOXLe0VGiDSbTwBbX55xv.jpg,52760.0,2342.0,Urban Legend,/xhxs9fukHkkFgVcdoWKViiqduLo.jpg
/iky3AtcC5FpdIhF9SCYavEUKUQE.jpg,131989.0,2343.0,Recep İvedik Serisi,/c53DOjhOlBlk0k197EoFkFTP7N4.jpg
/gZnEheMdhKxSZQUEzphCHXldud1.jpg,12263.0,2350.0,The Exorcist Collection,/wjMqwHkOuDBSOY5MujL5GSdlBTk.jpg
/6kh59mZizZsttZPR0HAdXk6Ve2n.jpg,84.0,2352.0,Indiana Jones Collection,/lpxDrACKJhbbGOlwVMNz5YCj6SI.jpg
/csERw2A3XIsGegkzil6UGpyhqfw.jpg,209131.0,2358.0,Man of Steel Collection,/rNnIW6xSPeTiIUtsfEhFeIRiJVv.jpg
/vmE52XvE2yWWQFt4g1x17K070gY.jpg,86780.0,2371.0,Clash of the Titans Collection,/3TXIuCHr2m9oZcLJOc5qo9o5WsT.jpg
/f3q5nrEJrhRFr0c2proh8Q9x4xx.jpg,124901.0,2375.0,Hatchet Collection,/5bfVy15nzU4Q9rX3bekEadpy8CR.jpg
/afX0zjd1fFYNXrndzD9jd7gHvi3.jpg,43220.0,2380.0,National Lampoon’s Van Wilder Collection,/9O9Dtdetrc7shP2CUr5jQqbIexC.jpg
,369004.0,2384.0,Borsalino Collection,
/2Mb92Ssoe1eUecvrCe2pEvgAlmv.jpg,8354.0,2388.0,Ice Age Collection,/stQoHvo0q6ZcEkji2Z1wlAxKnDq.jpg
/zguc4BSy4cbviHd7di67kifnmzD.jpg,96850.0,2390.0,Evangelion Collection,/abTBQSq28KU5JhLN6iygcrOx03I.jpg
/6VcVl48kNKvdXOZfJPdarlUGOsk.jpg,645.0,2392.0,James Bond Collection,/HORpg5CSkmeQlAolx3bKMrKgfi.jpg
,377545.0,2393.0,Samurai Trilogy,/qt2ZGJezaW4PNR2lzCDbD9q7dIL.jpg
/oxjNAfQJ1OrySttZSeLayky6T9k.jpg,86486.0,2395.0,Spy Kids Collection,/yqpS8N5w7VYo3gmFtHsGwHTV4Td.jpg
/5margBoJC97ZrciVpAUc0PiY6Rc.jpg,217704.0,2412.0,The Vampire Chronicles,/1Iop0dywqQeD5Mm7oRVR8vZ8gkj.jpg
/vnpcoCTZhg1EdEog1kAS0pklx1o.jpg,9887.0,2419.0,Species Collection,/t5J0JH1L8L7CmtC3sL3K2ybgTbE.jpg
/hja7IzXp6how8eD1WHriI386TGY.jpg,178106.0,2421.0,Darko Collection,/4Oj6ctBucsLvkbKsQMDaDXXR5cu.jpg
,330605.0,2423.0,The Sting Collection,
/RhpI828r9EKPV4x0pyHiqCDZDQ.jpg,9338.0,2426.0,Police Academy Collection,/1VRdXVy2FYlX4EtllnLKWK6kYDJ.jpg
,320064.0,2427.0,El pico - Colección,/kcjg2UlqqUqv232gjcLtSWZHS2x.jpg
/opwZzjx69QvbSX1zbC0sc4J4KBX.jpg,313086.0,2432.0,The Conjuring Collection,/z5VKhNSQKQyxm0co68HAkCqHnmX.jpg
/xF0U7VuuKFG2W301UhtkmaWuRVu.jpg,122945.0,2436.0,The Legend Collection,/KDZVL3UVBPHpp3STKcZvOhWz25.jpg
/rv5b06YAvmekw0D6Ul2ps9JbH4C.jpg,33514.0,2444.0,The Twilight Collection,/2o4zgGjVryMOPdNqLZWsSPqRkOH.jpg
/s8TyKSfmSlvaLKTqJLpkCCIiLK8.jpg,174245.0,2446.0,Alien Nation Collection,/gsP7dt9uUkkdl0bL4kU9o9jeehO.jpg
/hEji18uGq2IwKWs2IpWFw9EwlJp.jpg,288491.0,2453.0,Dolphin Tale Collection,/3Xav3CJrYtUBQ7mB2lKTJ7TSn1q.jpg
/dGrNuWhapf8T0WH98xTC4LXgk1G.jpg,266672.0,2456.0,Ted Collection,/uHKT9b6ptLpttGHlUF95sKQbtqF.jpg
/rEk9ZLfrYXL87CMEddMaYAOwC39.jpg,116661.0,2469.0,The Arrival Collection,/oBBLM2XzrBwjmwWRsPmZ4UuBe7g.jpg
/fkQH8aHqLpdDYXyCXdqRgYOhsoN.jpg,124950.0,2471.0,American Graffiti Collection,/nXbscwjttQTQ5OWskK7TSi5CSpH.jpg
,212123.0,2475.0,Tiny Times Collection,
/lzTIAbvMeGWB7PUrmBZXulGA28M.jpg,14740.0,2476.0,Madagascar Collection,/kjA2VkYx929rPKMPFQRb0lPqY3w.jpg
/bswWgdDsLu0fhWMYUzLF8XgiK4h.jpg,3167.0,2477.0,Ace Ventura Collection,/qCxH543pScFed1CycwJ1nVgrkOc.jpg
/gQNRJ3ChYVkqGtAOgmWJKr3uw1x.jpg,10457.0,2485.0,Once Upon a Time in China Collection,/gAuv7bhSYFVTYAazFkHOhPRyONi.jpg
/hTbw2nLM44eE5m7ZIIXodcoDR1X.jpg,86110.0,2490.0,Diary of a Wimpy Kid Collection,/4Miizfzuds4ldROTff9vB0Z3EId.jpg
/jBmf0mzo9XIJnYx4KQAEwlNmFgd.jpg,106790.0,2499.0,Hooked Collection,/u1V1AIezEiPUvSJNsLieNX2vGMv.jpg
/pXszT8ZWGj3fohU9FY0niA0IDEw.jpg,43563.0,2503.0,Friday Collection,/dWh1Fohgx07AEd4vRUwgIj8BYxD.jpg
/pBmhj6KkEjlzc3e7jAPkIHgGIrE.jpg,108693.0,2504.0,National Lampoon's Vacation Collection,/zvEUkLpDO7xlgabBEA9CCc0cvAt.jpg
,165778.0,2506.0,We Are From The Future Collection,/leG3ZDOpJm3iexLQBjf2B8CiLI3.jpg
/AAhYXBVIEl6WgQnzfBsauTIC25.jpg,10455.0,2513.0,Child's Play Collection,/50aqbDvbOtdlZrje6Qk4ZvKM7dM.jpg
/vm0i4KIscrTiUsri21z1SOIG4fo.jpg,2396.0,2518.0,Asterix and Obelix Collection,/f6C6tDEU3aJndJokSLvYLuwVt0k.jpg
,135498.0,2521.0,King Kong (1976 series),/qi6lnlTKDk0khlRunDOn0K2aW9b.jpg
/jrLLRe7pctP1aFDRuD9mt59YGHX.jpg,1960.0,2523.0,Evil Dead Collection,/eWFADubShlTEUiNsPcN6BMOKakr.jpg
,395591.0,2525.0,Sex and Zen Collection,/sFrLDqUMDt3QaBhqWe7b98hOfmv.jpg
/7wO7MSnP5UcwR2cTHdJFF1vP4Ie.jpg,121938.0,2533.0,The Hobbit Collection,/hm2VtxeCBqWJnPNmvXPPXiHydyp.jpg
/9BQj9hq0aK6yM9Tm2NJ28jg572y.jpg,151.0,2547.0,Star Trek: The Original Series Collection,/zcB8KxHA4EapOoZZPAvwgmE1iGK.jpg
/nlpixhOhb3JmFqVXKjCwpYFpldf.jpg,10456.0,2549.0,Dirty Harry Collection,/bS1ioomHh2emKAZ6vWn17UZnhDx.jpg
/nYLhKt0AdNr9IYT2K7p0U3HDY8k.jpg,3106.0,2560.0,World of Watches Collection,/5k6kkMpPCDqelJ2X1RABHCbstE6.jpg
/2hC8HHRUvwRljYKIcQDMyMbLlxz.jpg,137697.0,2563.0,Finding Nemo Collection,/xwggrEugjcJDuabIWvK2CpmK91z.jpg
/AeXUmULuf1GFw2YyVbwpxTsTXH.jpg,106000.0,2569.0,Beastmaster Collection,/h2WbsEqvWpe3KvT2ArxS1ARSRDl.jpg
/aS42DTtR6UYNLfKdKJBKYL1OS1U.jpg,93369.0,2574.0,Ringu Collection,/eQX9SK5WPdsKWRGLfga4w9KuskV.jpg
/oVP6PrxHf4D745QJ2Pp8ojSpcqF.jpg,96937.0,2580.0,The Boogeyman Collection,/rR4Vga4sQhD4YTF7QtMxkfMvN6F.jpg
/aahejNK1UOMWT2FNGOjgQDvczE.jpg,33938.0,2585.0,Airport Collection,/yDnEIOmCgPZJ55d8WeRjlgqgi78.jpg
/6KE7AguGR3UqwUn5RkzkoBc3MLy.jpg,937.0,2587.0,The Pink Panther (Original) Collection,/xu6gZ0zGUSR8SC2QLKFaUrX2niM.jpg
/6KE7AguGR3UqwUn5RkzkoBc3MLy.jpg,937.0,2594.0,The Pink Panther (Original) Collection,/xu6gZ0zGUSR8SC2QLKFaUrX2niM.jpg
/lCvX9g4vvxFUgJGNlFwfkZJWGiB.jpg,176097.0,2596.0,Barbershop Collection,/glSSzT4jwKblxxGXN0lHWxbyhUH.jpg
/kB0Y3uGe9ohJa59Lk8UO9cUOxGM.jpg,8091.0,2604.0,Alien Collection,/iVzIeC3PbG9BtDAudpwSNdKAgh6.jpg
/bNcKGfgqck8SQALVlZcMRcjOwBE.jpg,110127.0,2607.0,Analyze Collection,/cujx4R1DmJdjIdiCWtQULIvCyix.jpg
,43058.0,2630.0,Homeward Bound Collection,/4S9WMNUJFzxKOjcoS1mGrKFfygI.jpg
/mmxf1sOe2T1sma0tH0TgTdcit1p.jpg,91361.0,2634.0,Halloween Collection,/2uqHV6YcD9jEL2WuJYjXiiuRDqd.jpg
/grC83MtaWyTbUcxndTK3khIWiMT.jpg,184977.0,2635.0,Shaolin Temple Collection,/3VCGnNA68EjALSveGv7rVbWKDd5.jpg
/iiAbTNYXpMadPDH4MkjUoJzcGn4.jpg,212562.0,2639.0,Jump Street Collection,/vufY0iuDNXGEdYOgZNcJFAEZeak.jpg
/iRh0E4dR2m7ZiJQ9u58r8jPV0WU.jpg,232844.0,2644.0,Nim's Island Collection,/rRPq295zZflnjp9Y8uhJppJBayQ.jpg
/hwZXCuY6GVw50o17nDGbSR8WMFJ.jpg,10522.0,2645.0,Starship Troopers Collection,/uumu3Xj1ME1632SCsyVJwITgOKZ.jpg
/49L0c5utmm0A4BkeDafM9BOhyBT.jpg,87359.0,2648.0,Mission: Impossible Collection,/gwyJPIhCK4Xz2WogeBnhCSQfUek.jpg
/fwVVh9o0WZsZNstpX3O55ff7Hs8.jpg,44215.0,2651.0,Stargate SG-1 Collection,/5TTU7voIo3t0IYzZTPQQAbawy6Y.jpg
/74R8bq4RDuxK3F0VPGlse4YH3Ab.jpg,211721.0,2655.0,Taxi Collection,/nCzy28TbMJDJLxuaPgQZrLgmuT7.jpg
/uUG532EWfyhtKDzsA0sLb1PsHhL.jpg,141290.0,2661.0,The Lord of the Rings Animated Collection,/pQuazFOlGRdn2Lb3oWFJYPeASOc.jpg
/29gIFb0wzsl2ArW9HZ2S2ERdDp4.jpg,328372.0,2664.0,Mall Cop Collection,/dpI0Ms55QByARcgeMf0YK1z2x3D.jpg
/ttaiuuOHjYLTszcbADBZImqRK5H.jpg,103577.0,2668.0,The Whole Nine/Ten Yards Collection,/m6tkyCcOm4wzklAvsT0jyaM5mgY.jpg
/qqeOxNmtAW7WXdbrmQftgluvve7.jpg,136214.0,2670.0,Pocahontas Collection,/s4RkDe4AjwyrlltdF6Ui7INlME6.jpg
/m3K7AXN8Wi6VIRtVlpF1E6nzEn1.jpg,14377.0,2682.0,Death Wish Collection,/3mC5lppASzZHx5IlmFSL6cPQpCP.jpg
/vK18Xz065I4BvRB8r9IrH98ebVp.jpg,10789.0,2684.0,Pet Sematary Collection,/iySOPKFg4DgtjY9ySsJZoccMcIB.jpg
/vK18Xz065I4BvRB8r9IrH98ebVp.jpg,10789.0,2686.0,Pet Sematary Collection,/iySOPKFg4DgtjY9ySsJZoccMcIB.jpg
/oRQ7INsPDVon7U2jphXDr7LSP3H.jpg,257960.0,2689.0,The Raid Collection,/dXNof3qb8sY9QOmJ7jdU48ILH7e.jpg
/1AWd3MM90G47mxtD112gRDxSXY9.jpg,256377.0,2695.0,The Muppet Collection,/8Ew8EIdFFurMMYjSbWPu1Hl4vLX.jpg
/w0jv6vdKe3TGOLaCgPbZOu85gas.jpg,87228.0,2700.0,Swamp Thing Collection,/niEEDNB366pMOI5RRcw36QGaGDm.jpg
,116669.0,2710.0,The Scorpion King Collection,/qFVW76HRCJFRtTha1vZO1tjYVQ1.jpg
,312735.0,2714.0,Annie Collection,/gKQghFIfPL7aviK7OonirYgnaMa.jpg
/1mfDXSIPdbpBfTtdjmKnfSuAYUx.jpg,104833.0,2721.0,Fletch Collection,/kf8dk2ASMf0DEi5TZRXK47MDeHU.jpg
/qPRZ1HpvpPM81cBTwNKXlqtH9MT.jpg,4246.0,2732.0,Scary Movie Collection,/nsD3xlHagixzVYaE57EESeVYro7.jpg
/6VcVl48kNKvdXOZfJPdarlUGOsk.jpg,645.0,2738.0,James Bond Collection,/HORpg5CSkmeQlAolx3bKMrKgfi.jpg
/vJOfi2m9yaQGu7LPRcBL44KDU7r.jpg,100965.0,2739.0,Atlantis Collection,/l9wffaf3zMw2fOYDnMrU479IeBv.jpg
/9eDW2dVhnzPS2HvaRdK2OlAGaLq.jpg,468222.0,2740.0,The Incredibles Collection,/p5E9owiVpQqAoSEl1VpcC4i5z8Q.jpg
/Yt2ZxbJv2HM842B6FNMr59Vhyb.jpg,5039.0,2749.0,Rambo Collection,/feGOEOVrOLyjtEnVa88rQLgD3XY.jpg
/t5zZZOvXK8m5z1omMdEEWcL6ywl.jpg,4563.0,2751.0,The Vengeance Collection,/ilyS5xmHzMtTq4ngVRNKvZEbSRo.jpg
/oLfS1lOmN2KIU2IQ200SDEPVEZe.jpg,656.0,2768.0,Saw Collection,/xmC2A7qPEfiOkQC58fZh8srWQ5v.jpg
/zuW6fOiusv4X9nnW3paHGfXcSll.jpg,86311.0,2771.0,The Avengers Collection,/qJawKUQcIBha507UahUlX0keOT7.jpg
/dGrNuWhapf8T0WH98xTC4LXgk1G.jpg,266672.0,2794.0,Ted Collection,/uHKT9b6ptLpttGHlUF95sKQbtqF.jpg
/sEKYBSwZFFppJ5GmEVxsECr7ilR.jpg,52783.0,2800.0,Wall Street Collection,/dmGQDIrfvmr5rahYcVhpS2xx6oy.jpg
/wfnMt6LGqYHcNyOfsuusw5lX3bL.jpg,1241.0,2803.0,Harry Potter Collection,/8Xmkc1HvCOpMlbFvVabrtr6HAsp.jpg
/6p1OzuIKWnTDfDea7IpB9xra5J.jpg,9649.0,2805.0,Mexico Trilogy,/qmPhILSFQKaRyc81mVJWl05tHai.jpg
/wxKt5KHvMYUSLHvyPf2xj64y3dJ.jpg,144200.0,2810.0,Swan Princess Series,/3qBPAUFUMOOT9KqUEYXWAKy93Ge.jpg
/c7pMKwv5NzIN6N3KM4L8fYMTtPw.jpg,9735.0,2822.0,Friday the 13th Collection,/uobgqpLQff9WvxGKE2OSvXv1RHm.jpg
/lGhx5lQiPJ79piSrXHgN5pSmJjh.jpg,43055.0,2826.0,Conan the Barbarian Collection,/vguM8mJmArTn9ePTm8fK0Ryt7EI.jpg
/3iROV2GdrAFz6lbrGneQLt8lc7K.jpg,97445.0,2828.0,Air Bud Collection,/6uJ2GXA5kBskJx6emTuHyp2S3ww.jpg
/wZCWCe4jPJz04dvVGLQ8TtOq9Js.jpg,1657.0,2840.0,Zorro Collection,/ziQDmVR3VE0hC0GDWgaQwz0H3Ff.jpg
/hRaxX6WmtukiBvi8ru7RFVQiDYk.jpg,93295.0,2842.0,48 Hrs. Collection,/8Dlcb8aDch6sUcWBc8zSSfNbPgG.jpg
/8wvxr06XNW2zofbOHQqEgokTmLx.jpg,315595.0,2851.0,Tinker Bell Collection,/nTEOjP7JpFa9VZlawzqNBy4g5KY.jpg
,476961.0,2853.0,Goon Collection,/uHKl6JXibu1MstyAlT1d3I4YKb6.jpg
/yPyhZ5OpYs68Bb8u0PZ1tH0QIgd.jpg,87118.0,2859.0,Cars Collection,/uq3N2SFj1Y06zA6LzCQPkmBdaaE.jpg
,286951.0,2860.0,Singham Collection,
/u6PrL2x3dU8cZNgDNl0qzb5hpJA.jpg,188197.0,2866.0,Cetto La Qualunque - Collezione,/kDrDEoSGTDo7tVd4QOOtKxIe9gz.jpg
/a0GLVfaDSf5GNZKK5H4FgGCD2VW.jpg,52984.0,2867.0,National Treasure Collection,/z5EIRaI8XS0brelYwDFEVlxcpzM.jpg
/eYf3GRnuVCgeFQfEo0qK7ua5rCR.jpg,1709.0,2879.0,Planet of the Apes Original Collection,/r7TBDEcpBAuFoqdtUz7z2nSeFej.jpg
/22p3xTTuXc9FEnzyGlfB9KBtR4Y.jpg,19387.0,2884.0,The X-Files Collection,/uqvuUgReZ5Y5C7S7axeRxE8zSM1.jpg
/eDU0xWJge0Sj2A1hyp5NtTcc3OZ.jpg,166378.0,2888.0,Joy Ride Collection,/ln6CZn4pEBOea3757FaMukhgp25.jpg
/jXlFymc442CEMB5h3d62GeJefnW.jpg,14563.0,2891.0,The Ring Collection,/500xj7l72BojMZ3tNBJY46tg5YJ.jpg
/lUPruOqjDhZrCKz9Ze2tCufPxHR.jpg,479888.0,2892.0,The Thing Collection,/9O8LH1fyDNIR26UdtQK4NLGbvLI.jpg
/qYlcVBifq5T4wyWV00a5Awq0kUi.jpg,192492.0,2899.0,The Jack Ryan Collection,/uCuiExsQDyJagov5aVAyw38YEm.jpg
/wSdVm0uxEvYlwMxOAhipUUzey4w.jpg,207621.0,2903.0,V/H/S Collection,/esfk62fcqTWqB90dAHaVMbDWmbM.jpg
/rIrAfUd5wjkGoDkecNx1aXjGJLu.jpg,424202.0,2905.0,Trainspotting Collection,/6W9nyZ3Daq4zHkfTRIzNgWg6ai6.jpg
/gZnEheMdhKxSZQUEzphCHXldud1.jpg,12263.0,2912.0,The Exorcist Collection,/wjMqwHkOuDBSOY5MujL5GSdlBTk.jpg
/h062iMfHieuKdeujaSZBmdYlgRw.jpg,23170.0,2913.0,Burnt by the Sun Trilogy,/prqpHdXvfzz8uYwGPaHj62XfJ1H.jpg
/npCbvak9UhjPsZB9Oa2k2jsqI7E.jpg,9743.0,2916.0,The Hannibal Lecter Anthology,/aRbyr3KsdmIczGh6VrlvlgQdwMQ.jpg
,363966.0,2922.0,Care Bears Collection,
/hZMiAPeINRH0M2X1PBEgn6YdULy.jpg,41437.0,2926.0,Paranormal Activity Collection,/lYXAMmm9XlYmj5Dr4O9diLQVCJS.jpg
/6VcVl48kNKvdXOZfJPdarlUGOsk.jpg,645.0,2928.0,James Bond Collection,/HORpg5CSkmeQlAolx3bKMrKgfi.jpg
/hTbw2nLM44eE5m7ZIIXodcoDR1X.jpg,86110.0,2935.0,Diary of a Wimpy Kid Collection,/4Miizfzuds4ldROTff9vB0Z3EId.jpg
/cK83Pq8SJoeSTnLJucr8IWn35KF.jpg,135416.0,2939.0,Prometheus Collection,/gMjiXB5dhV8nN77xXnhTIhARE7a.jpg
/c7pMKwv5NzIN6N3KM4L8fYMTtPw.jpg,9735.0,2951.0,Friday the 13th Collection,/uobgqpLQff9WvxGKE2OSvXv1RHm.jpg
/1Ra6Un73JwIjGHfEU0lM3397Q8z.jpg,109592.0,2962.0,Porky's Collection,/fGnfEA244AKrKgcN6uyvEFCgaR6.jpg
/2pRLc3z0jE1WkFJLCZyITtYjo08.jpg,173344.0,2965.0,Qatsi Collection,/AlE6QJc87zH5vYw6AI779ywRZG6.jpg
,387219.0,2968.0,The Hustler Collection,/8kBQvshMpK76aET1hLfAxnDle5W.jpg
/tSiYzuDL8i3yyVyCnxGtwLjA3Tz.jpg,97307.0,2969.0,BloodRayne Collection,/yDRE2eRQIGKKpW1AJ9WWolmccOQ.jpg
/uxhIfa4gqxh9rjGq3vPLoXjQLIY.jpg,149704.0,2975.0,Alone in the Dark Collection,/pCUq2wPTjmpRRTsatXWseAoMzyi.jpg
/75To7hSFaAuciz4EXAFfj4LH6Od.jpg,221111.0,2985.0,S.W.A.T. Collection,/iaBn9GPUik9xwfHIelzTXJi5ClY.jpg
,107469.0,2992.0,Save The Last Dance Collection,/jAByXoHn29RlCjIrOa3k1jl60DB.jpg
